original_id,pdf_page_start,pdf_page_end,decision,review_reason,replacement_card,concept,related_220_1201_objectives,technical_sources
A001,3,3,rewrite,Distinguish a drive health warning from filesystem integrity; SMART does not prove every failure.,C110,smart,5.2,https://www.seagate.com/support/kb/my-system-reported-a-smart-error-on-the-drive-184619en/
A002,3,3,remove,Key is unsupported: replacing router does not make its own MAC the client allowlist entry; security and radio compatibility also matter.,,wifi-settings,,https://assets.ctfassets.net/82ripq7fjls2/1oSdlyujpaX3GrM0rir6Ge/91afb2be72785281e8fb4c0d9a70c6f4/CompTIA-A-220-1201-Exam-Objectives-3.0.pdf
A003,3,3,rewrite,"RAM is plausible, but verify memory pressure and paging before upgrading.",C087,ram-pressure,"3.3, 5.1",https://learn.microsoft.com/en-us/troubleshoot/windows-client/performance/introduction-to-the-page-file
A004,3,4,rewrite,VLANs separate logical broadcast domains; trunks carry multiple VLANs.,C016,vlan,2.4,https://www.cisco.com/c/en/us/td/docs/switches/lan/catalyst6500/ios/12-2SX/configuration/guide/book/vlans.html
A005,4,4,keep,Ribbon prints first sheet; pressure produces multipart copies.,C153,impact-ribbon,3.8,https://files.support.epson.com/htmldocs/lx50__/lx50__ug/paper_2.htm
A006,4,4,rewrite,Specify laser printer and follow manufacturer cleaning; dirty or damaged drum/cartridge can cause lines.,C157,laser-lines,5.6,https://support.hp.com/ca-en/document/ish_6747730-6747774-16
A007,4,5,remove,Sentence is truncated and does not establish scaling behavior; covered by A049.,,elasticity,,https://assets.ctfassets.net/82ripq7fjls2/1oSdlyujpaX3GrM0rir6Ge/91afb2be72785281e8fb4c0d9a70c6f4/CompTIA-A-220-1201-Exam-Objectives-3.0.pdf
A008,5,5,rewrite,Three beeps are not universal; interpret vendor POST codes before reseating RAM.,C094,post-beeps,5.1,https://www.dell.com/support/kbdoc/en-ca/000126068/how-to-diagnose-and-resolve-common-memory-issues-on-a-dell-desktop-pc
A009,5,5,keep,Rented virtual compute is IaaS; migration tooling itself varies.,C174,iaas,4.2,https://azure.microsoft.com/en-us/resources/cloud-computing-dictionary/what-are-iaas-paas-and-saas
A010,5,6,keep,Thermal shutdown and cooldown support obstructed cooling; power down and follow manual.,C142,projector-heat,5.3,https://download.epson.com.sg/manuals/Projector%20Safety%20Instruction_Safety_412792200EN.pdf
A011,6,6,keep,Trace an unlabeled copper run with compatible toner and probe.,C024,tone-probe,2.8,https://www.flukenetworks.com/datacom-cabling/copper-testing/IntelliTone-Pro-Toner-and-Probe
A012,6,6,remove,Primarily Core 2 authentication-factor taxonomy; excluded from this Core 1 deck.,,mfa,,https://assets.ctfassets.net/82ripq7fjls2/1oSdlyujpaX3GrM0rir6Ge/91afb2be72785281e8fb4c0d9a70c6f4/CompTIA-A-220-1201-Exam-Objectives-3.0.pdf
A013,6,7,rewrite,"M.2 is a form factor, not a guarantee of speed; specify compatible SSD and interface.",C113,m2,3.4,https://www.kingston.com/en/ssd/ssd-faq
A014,7,7,keep,NFC operates at 13.56 MHz and supports close-range credential exchange.,C065,nfc,"1.2, 2.2",https://nfc-forum.org/learn/nfc-technology/
A015,7,7,rewrite,Calibration can help inaccurate touch where supported; not every device offers calibration.,C074,touch-calibration,"1.1, 5.4",https://www.dell.com/support/kbdoc/en-us/000132121/how-to-troubleshoot-touchscreen-touch-panel-issues
A016,8,8,rewrite,HDMI supports audio plus video; confirm output selection and receiver speaker support.,C137,hdmi-audio,"3.2, 5.3",https://www.hdmi.org/spec/hdmi1_4b ; https://support.microsoft.com/en-us/windows/fix-sound-or-audio-problems-in-windows-73025246-b61c-40fb-671a-2535c7cd56c8
A017,8,8,remove,Symptoms do not establish internet failure versus gateway/addressing issue; insufficient diagnostics.,,wan-outage,,https://assets.ctfassets.net/82ripq7fjls2/1oSdlyujpaX3GrM0rir6Ge/91afb2be72785281e8fb4c0d9a70c6f4/CompTIA-A-220-1201-Exam-Objectives-3.0.pdf
A018,8,9,keep,"MDM supports policies, approved apps and remote wipe on enrolled devices.",C067,mdm,1.3,https://learn.microsoft.com/en-us/intune/fundamentals/what-is-intune
A019,9,9,rewrite,"DSL can share telephone copper; correlated failure supports line problem, not proof of access technology.",C031,dsl,2.7,https://www.verizon.com/support/residential/internet/getting-started/setup-dsl
A020,9,10,rewrite,"Exhibit recovered. Compare CPU, RAM and storage against guest workloads; the choices do not establish a universally best host.",C183,vm-resources,4.1,https://learn.microsoft.com/en-us/windows-server/virtualization/hyper-v/host-hardware-requirements
A021,10,10,remove,Rote troubleshooting step ordering is explicitly outside the current exam objectives.,,methodology,,https://assets.ctfassets.net/82ripq7fjls2/1oSdlyujpaX3GrM0rir6Ge/91afb2be72785281e8fb4c0d9a70c6f4/CompTIA-A-220-1201-Exam-Objectives-3.0.pdf
A022,10,10,keep,Distributes requests across backend servers; verify health and algorithm.,C018,load-balancer,2.3,https://aws.amazon.com/what-is/load-balancing/
A023,10,11,remove,"White space alone cannot distinguish layout, media, imaging or feed problems.",,printer-layout,,https://assets.ctfassets.net/82ripq7fjls2/1oSdlyujpaX3GrM0rir6Ge/91afb2be72785281e8fb4c0d9a70c6f4/CompTIA-A-220-1201-Exam-Objectives-3.0.pdf
A024,11,11,rewrite,"Check actual total and transient power needs; 115 V is an input rating, not available watts.",C096,psu-sizing,3.6,https://www.corsair.com/ww/en/p/psu/cp-9020170-na/vs-series-vs450-450-watt-80-plus-white-certified-psu-cp-9020170-na ; https://help.corsair.com/hc/en-us/articles/14641912717453-PSU-Efficiency-Ratings-Explained
A025,11,11,keep,Digitizer detects touch input; display produces image.,C074,digitizer,"1.1, 5.4",https://www.dell.com/support/kbdoc/en-us/000132121/how-to-troubleshoot-touchscreen-touch-panel-issues
A026,11,12,rewrite,Usage is measured; charges follow pricing contract and may include fixed commitments.,C179,metered,4.2,https://nvlpubs.nist.gov/nistpubs/Legacy/SP/nistspecialpublication800-145.pdf
A027,12,12,remove,No workload or budget measurements justify one 15000 rpm disk over a redundant array.,,vm-storage,,https://assets.ctfassets.net/82ripq7fjls2/1oSdlyujpaX3GrM0rir6Ge/91afb2be72785281e8fb4c0d9a70c6f4/CompTIA-A-220-1201-Exam-Objectives-3.0.pdf
A028,12,12,keep,Hold jobs until authenticated release to reduce abandoned prints.,C168,secure-print,3.7,https://support.hp.com/us-en/document/c05500352
A029,12,13,remove,Stem is truncated and missing the symptom.,,battery,,https://assets.ctfassets.net/82ripq7fjls2/1oSdlyujpaX3GrM0rir6Ge/91afb2be72785281e8fb4c0d9a70c6f4/CompTIA-A-220-1201-Exam-Objectives-3.0.pdf
A030,13,13,remove,DDR3 is not a universal modern desktop recommendation; platform compatibility is unspecified.,,ram-generation,,https://assets.ctfassets.net/82ripq7fjls2/1oSdlyujpaX3GrM0rir6Ge/91afb2be72785281e8fb4c0d9a70c6f4/CompTIA-A-220-1201-Exam-Objectives-3.0.pdf
A031,13,13,rewrite,High latency may be expected for geostationary service; LEO differs; original restart key is not established.,C050,satellite-latency,2.7,https://www.esa.int/Enabling_Support/Space_Transportation/Types_of_orbits
A032,13,14,keep,Guests require logical separation plus guest and host security.,C186,vm-isolation,4.1,https://learn.microsoft.com/en-us/windows/security/application-security/application-isolation/windows-sandbox/windows-sandbox-configure-using-wsb-file
A033,14,14,remove,Multithreading is not hardware virtualization; none of the listed options reliably solves this.,,virtualization-enable,,https://assets.ctfassets.net/82ripq7fjls2/1oSdlyujpaX3GrM0rir6Ge/91afb2be72785281e8fb4c0d9a70c6f4/CompTIA-A-220-1201-Exam-Objectives-3.0.pdf
A034,14,14,keep,Another application may hold the camera; close it and retry.,C150,webcam-busy,"1.1, 5.4",https://support.microsoft.com/en-us/windows/hardware/camera/camera-doesn-t-work-in-windows
A035,14,15,keep,Use isolated test environment; a VM alone is not a complete security boundary.,C186,sandbox,4.1,https://learn.microsoft.com/en-us/windows/security/application-security/application-isolation/windows-sandbox/windows-sandbox-configure-using-wsb-file
A036,15,15,rewrite,Verify firmware/driver/page-language compatibility; use vendor-supported driver.,C164,printer-driver,"3.7, 5.6",https://support.hp.com/ca-en/document/c03265802
A037,15,16,keep,Inspect indicated paper path safely; allow hot fuser to cool and follow manual.,C162,paper-jam,5.6,https://help.brother-usa.com/app/answers/detail/a_id/182556/~/jam-error-messages
A038,16,16,rewrite,Cat 5 does not inherently cap Ethernet at 100 Mbps; 1000BASE-T was designed for compliant four-pair Cat 5 channels.,C028,ethernet-category,3.2,https://www.cisco.com/c/en/us/td/docs/switches/lan/catalyst1000/hardware/installation/24_48_port_hig/b_c1000_24_48_hig/product_overview.html
A039,16,16,remove,No data-preservation-first answer is provided; stressing a failing unbacked-up drive with diagnostics is poor advice.,,smart-data,,https://assets.ctfassets.net/82ripq7fjls2/1oSdlyujpaX3GrM0rir6Ge/91afb2be72785281e8fb4c0d9a70c6f4/CompTIA-A-220-1201-Exam-Objectives-3.0.pdf
A040,16,17,remove,"Same cable works on a test laptop, which narrows the issue to the workstation but does not prove its NIC is faulty.",,nic-speed,,https://assets.ctfassets.net/82ripq7fjls2/1oSdlyujpaX3GrM0rir6Ge/91afb2be72785281e8fb4c0d9a70c6f4/CompTIA-A-220-1201-Exam-Objectives-3.0.pdf
A041,17,17,keep,Ask what changed and establish symptoms before replacing hardware.,C131,recent-changes,5.1,https://support.microsoft.com/en-us/windows/update-drivers-through-device-manager-in-windows-ec62f46c-ff14-c91d-eead-d7126dc1f7b6
A042,17,18,keep,A faint visible image with illumination failure points to backlight path.,C134,backlight,"3.1, 5.3",https://www.dell.com/support/kbdoc/en-us/000134946/how-to-troubleshoot-display-or-video-issues-on-dell-laptop-lcd-panel
A043,18,18,remove,Error message absent and beep meanings are vendor-specific; no defensible pair.,,boot-errors,,https://assets.ctfassets.net/82ripq7fjls2/1oSdlyujpaX3GrM0rir6Ge/91afb2be72785281e8fb4c0d9a70c6f4/CompTIA-A-220-1201-Exam-Objectives-3.0.pdf
A044,18,18,keep,Select matching monitor input and verify video cable/path.,C132,monitor-input,"3.1, 5.3",https://www.dell.com/support/kbdoc/en-tw/000132110/how-to-troubleshoot-a-dell-desktop-monitor?lang=en
A045,18,19,rewrite,RAM and SSD may relieve measured memory/storage bottlenecks; confirm upgrade support.,C087,ram-ssd,"3.3, 5.1",https://learn.microsoft.com/en-us/troubleshoot/windows-client/performance/introduction-to-the-page-file
A046,19,19,keep,Prioritize recoverable data; minimize use and escalate irreplaceable data to recovery specialists.,C111,failing-drive,5.2,https://www.seagate.com/support/kb/my-system-reported-a-smart-error-on-the-drive-184619en/
A047,19,19,remove,"Core 2 removable-media encryption topic; also BitLocker To Go is a Windows feature, not installed on the stick.",,bitlocker,,https://assets.ctfassets.net/82ripq7fjls2/1oSdlyujpaX3GrM0rir6Ge/91afb2be72785281e8fb4c0d9a70c6f4/CompTIA-A-220-1201-Exam-Objectives-3.0.pdf
A048,19,20,keep,Enable automatic duplex in supported printer driver/settings.,C160,duplex,3.7,https://download.brother.com/welcome/doc002441/hl5380dn_ukeng_usr_b.pdf
A049,20,20,keep,Capacity grows and shrinks with demand.,C179,elasticity,4.2,https://nvlpubs.nist.gov/nistpubs/Legacy/SP/nistspecialpublication800-145.pdf
A050,20,20,rewrite,"For an external USB webcam, verify physical connection, privacy controls and app permissions.",C150,webcam-connection,"1.1, 5.4",https://support.microsoft.com/en-us/windows/hardware/camera/camera-doesn-t-work-in-windows
A051,20,21,keep,Web server responds to HTTP/HTTPS requests.,C042,web-server,"2.1, 2.3",https://www.rfc-editor.org/rfc/rfc9110 ; https://www.rfc-editor.org/rfc/rfc9114
A052,21,21,rewrite,Interference is plausible; analyze channel use and signal before declaring a cause.,C056,wifi-interference,"2.2, 5.5",https://www.cisco.com/c/en/us/td/docs/wireless/controller/9800/technical-reference/wireless-rf-reference-guide.html
A053,21,21,keep,Two mirrored 4 TB disks give about 4 TB usable and survive one disk loss; not a backup.,C122,raid1,3.4,https://www.dell.com/support/kbdoc/en-us/000128635/dell-servers-what-are-the-raid-levels-and-their-specifications
A054,21,22,keep,802.11n introduced MIMO among listed standards; later Wi-Fi also supports it.,C055,wifi-mimo,2.2,https://www.cisco.com/c/en/us/products/collateral/wireless/aironet-1850-series-access-points/datasheet-c78-734256.html
A055,22,22,rewrite,Cleaning may help debris; inspect cable/key mechanism and replace if failed.,C148,keyboard,"1.1, 5.4",https://support.microsoft.com/en-US/Windows/Hardware/input-devices/mouse-and-keyboard-problems-in-windows
A056,22,23,keep,M.2 SSD plugs into motherboard slot; verify SATA/NVMe support.,C113,m2,3.4,https://www.kingston.com/en/ssd/ssd-faq
A057,23,23,remove,"VT-d is I/O virtualization, not the general CPU virtualization prerequisite; VT-x/AMD-V is missing.",,virtualization-enable,,https://assets.ctfassets.net/82ripq7fjls2/1oSdlyujpaX3GrM0rir6Ge/91afb2be72785281e8fb4c0d9a70c6f4/CompTIA-A-220-1201-Exam-Objectives-3.0.pdf
A058,23,23,keep,ADF feeds multiple sheets; flatbed suits single or bound originals.,C159,adf,3.7,https://support.hp.com/us-en/document/ish_2056394-2056383-16
A059,23,24,rewrite,"Satellite can serve remote areas with suitable coverage, power and clear sky view.",C050,satellite-access,2.7,https://www.esa.int/Enabling_Support/Space_Transportation/Types_of_orbits
A060,24,24,remove,Both network utilization and server disk health are plausible; no evidence picks a next step.,,file-share-slow,,https://assets.ctfassets.net/82ripq7fjls2/1oSdlyujpaX3GrM0rir6Ge/91afb2be72785281e8fb4c0d9a70c6f4/CompTIA-A-220-1201-Exam-Objectives-3.0.pdf
A061,24,24,rewrite,UPS bridges brief power loss or allows shutdown; does not ensure maximum uptime alone.,C099,ups,3.6,https://www.eaton.com/content/dam/eaton/products/backup-power-ups-surge-it-power-distribution/backup-power-ups/eaton-ups-fundamentals-handbook-en-us-2025.pdf
A062,24,24,rewrite,Check memory use/paging first; workload alone does not prove RAM shortage.,C087,ram-pressure,"3.3, 5.1",https://learn.microsoft.com/en-us/troubleshoot/windows-client/performance/introduction-to-the-page-file
A063,24,25,rewrite,LED colors vary by NIC; check manual and physical link; 275 ft is below typical copper channel maximum.,C036,link-led,5.5,https://www.cisco.com/c/en/us/support/docs/switches/catalyst-9500-series-switches/218397-troubleshoot-port-flaps-on-catalyst-9000.html
A064,25,25,rewrite,"Allowed channels depend on country, hardware and regulatory features; cannot assume licensed-only explanation.",C057,wifi-regulations,2.2,https://www.cisco.com/c/en/us/td/docs/wireless/controller/9800/technical-reference/wireless-rf-reference-guide.html
A065,25,25,keep,Managed runtime/development platform supports deploying app code.,C175,paas,4.2,https://azure.microsoft.com/en-us/resources/cloud-computing-dictionary/what-are-iaas-paas-and-saas
A066,25,26,rewrite,"Guest OS, CPU architecture and hypervisor must be compatible; not every Windows binary runs in every Mac VM.",C164,cross-platform,"3.7, 5.6",https://support.hp.com/ca-en/document/c03265802
A067,26,26,keep,eSATA is an external SATA interface; retained as explicitly listed legacy hardware knowledge.,C114,esata,"3.2, 3.4",https://www.kingston.com/en/ssd/ssd-faq ; https://www.kingston.com/en/ssd/ssd-faq
A068,26,26,keep,FTP control uses TCP 21; active-mode data traditionally TCP 20; unencrypted without TLS.,C043,ftp,2.1,https://www.rfc-editor.org/rfc/rfc959
A069,26,27,keep,Mechanical HDD can click; SSD has no moving parts.,C111,failing-drive,5.2,https://www.seagate.com/support/kb/my-system-reported-a-smart-error-on-the-drive-184619en/
A070,27,27,remove,Stem is truncated; no environmental evidence supports shielded cable.,,emi,,https://assets.ctfassets.net/82ripq7fjls2/1oSdlyujpaX3GrM0rir6Ge/91afb2be72785281e8fb4c0d9a70c6f4/CompTIA-A-220-1201-Exam-Objectives-3.0.pdf
A071,27,27,keep,"Normal picture with lost touch points to input path, subject to further diagnosis.",C074,digitizer,"1.1, 5.4",https://www.dell.com/support/kbdoc/en-us/000132121/how-to-troubleshoot-touchscreen-touch-panel-issues
A072,27,28,rewrite,Ghosting may involve fuser or imaging components; follow model-specific troubleshooting.,C157,laser-ghosting,5.6,https://support.hp.com/ca-en/document/ish_6747730-6747774-16
A073,28,28,rewrite,Known unicast is forwarded to learned port; broadcasts and unknown unicast may be flooded.,C015,switch-forward,"2.5, 2.4",https://www.cisco.com/c/en/us/solutions/small-business/resource-center/networking/networking-basics.html
A074,28,28,rewrite,Overheating and poor charge warrant safe shutdown and battery inspection; symptoms alone not conclusive.,C079,battery-safety,5.4,https://www.dell.com/support/kbdoc/en-us/000128491/swollen-battery-information-and-guidance
A075,28,29,keep,Authorized cellular hotspot can provide temporary connectivity where coverage permits.,C068,hotspot,1.3,https://support.apple.com/en-us/111785
A076,29,29,keep,"Verify CPU socket, chipset and firmware support; never force a CPU.",C101,cpu-socket,3.5,https://www.intel.com/content/www/us/en/support/articles/000027816/processors/intel-core-processors.html
A077,29,29,rewrite,"For a thermal printer, excessive heat/density can darken output; verify paper and vendor settings.",C154,thermal-dark,3.8,https://prod-www.zebra.com/us/en/resource-library/faq/difference-between-direct-thermal-and-thermal-transfer-printing.html
A078,29,30,remove,Record sensitivity alone does not determine deployment model or attack surface.,,private-cloud,,https://assets.ctfassets.net/82ripq7fjls2/1oSdlyujpaX3GrM0rir6Ge/91afb2be72785281e8fb4c0d9a70c6f4/CompTIA-A-220-1201-Exam-Objectives-3.0.pdf
A079,30,30,remove,"Core 2 Windows management tool question; DiskPart also lists disks, so key is not unique.",,disk-management,,https://assets.ctfassets.net/82ripq7fjls2/1oSdlyujpaX3GrM0rir6Ge/91afb2be72785281e8fb4c0d9a70c6f4/CompTIA-A-220-1201-Exam-Objectives-3.0.pdf
A080,30,30,rewrite,Crimper plus compatible modular plug repairs plug termination; wall jack uses punchdown or vendor-specific termination.,C026,crimper,"2.8, 3.2",https://data.kleintools.com/sites/kleintools/files/tool-catalog/82820_TelecomCatalog.pdf
A081,30,31,keep,"T568A and T568B swap orange and green pair positions, not throughput.",C027,t568,3.2,https://www.flukenetworks.com/blog/cabling-chronicles/wire-map-testing-it-s-not-all-about-color
A082,31,31,rewrite,Persistent clock loss after power removal supports RTC/CMOS battery; omit missing exhibit.,C104,rtc-battery,"3.5, 5.1",https://i.dell.com/sites/csdocuments/Business_solutions_engineering-Docs_Documents/en/r815-tech-guide.pdf
A083,31,31,rewrite,Routers separate layer-3 networks; VLAN-capable switches also create separate broadcast domains.,C015,broadcast-domain,"2.5, 2.4",https://www.cisco.com/c/en/us/solutions/small-business/resource-center/networking/networking-basics.html
A084,31,32,rewrite,A short-range personal-device connection is PAN; merely plugging a cable does not necessarily create a network.,C039,pan,2.7,https://www.cisco.com/c/en/us/solutions/small-business/resource-center/networking/networking-basics.html ; https://www.ibm.com/think/topics/block-storage
A085,32,32,keep,Direct thermal printing needs compatible heat-sensitive paper with correct orientation.,C154,thermal-paper,3.8,https://prod-www.zebra.com/us/en/resource-library/faq/difference-between-direct-thermal-and-thermal-transfer-printing.html
A086,32,32,merge,Duplicate concept and near-identical stem to A055.,C148,keyboard,"1.1, 5.4",https://support.microsoft.com/en-US/Windows/Hardware/input-devices/mouse-and-keyboard-problems-in-windows
A087,32,32,remove,Wording contradicts the intended availability goal; ambiguous privacy concern.,,cloud-sync,,https://assets.ctfassets.net/82ripq7fjls2/1oSdlyujpaX3GrM0rir6Ge/91afb2be72785281e8fb4c0d9a70c6f4/CompTIA-A-220-1201-Exam-Objectives-3.0.pdf
A088,32,33,keep,Keyboard/video/mouse switch shares peripherals between computers.,C147,kvm,"1.2, 3.2",https://sgcdn.startech.com/005329/media/sets/SV431DPUA2/SV431DPUA2_usermanual.pdf
A089,33,33,rewrite,"Correct listed choice is SATA SSD, not 15000 rpm HDD; check physical/interface compatibility.",C112,ssd-upgrade,3.4,https://www.kingston.com/en/ssd/desktop-laptop-workstations
A090,33,33,keep,Hypervisor creates/manages VMs and allocates host resources.,C182,hypervisor,4.1,https://learn.microsoft.com/en-us/windows-server/virtualization/hyper-v/overview ; https://docs.oracle.com/en/virtualization/virtualbox/7.1/user/Introduction.html
A091,33,34,rewrite,Plan non-overlapping legal channels; different numbers alone do not prevent overlap.,C056,wifi-channels,"2.2, 5.5",https://www.cisco.com/c/en/us/td/docs/wireless/controller/9800/technical-reference/wireless-rf-reference-guide.html
A092,34,34,merge,Exact duplicate of A024.,C096,psu-sizing,3.6,https://www.corsair.com/ww/en/p/psu/cp-9020170-na/vs-series-vs450-450-watt-80-plus-white-certified-psu-cp-9020170-na ; https://help.corsair.com/hc/en-us/articles/14641912717453-PSU-Efficiency-Ratings-Explained
A093,34,34,keep,F-type connectors terminate coaxial cable.,C030,coax,"2.7, 3.2",https://www.netgear.com/hub/technology/connecting-cable-modem-and-router/ ; https://www.flukenetworks.com/blog/cabling-chronicles/wire-map-testing-it-s-not-all-about-color
A094,34,34,merge,Same cable-tracing skill as A011.,C024,tone-probe,2.8,https://www.flukenetworks.com/datacom-cabling/copper-testing/IntelliTone-Pro-Toner-and-Probe
A095,34,35,rewrite,"GPU, RAM and fast storage matter; specific choices depend on workload and compatibility.",C130,gaming-hardware,"3.5, 5.1",https://www.intel.com/content/www/us/en/gaming/resources/what-is-bottlenecking-my-pc.html ; https://www.intel.com/content/www/us/en/products/docs/processors/cpu-vs-gpu.html
A096,35,35,keep,Traditional cable internet commonly uses coax for the final connection; access networks vary.,C030,coax,"2.7, 3.2",https://www.netgear.com/hub/technology/connecting-cable-modem-and-router/ ; https://www.flukenetworks.com/blog/cabling-chronicles/wire-map-testing-it-s-not-all-about-color
A097,35,35,remove,Contradictory duplicate of A079; BitLocker is not the all-disk management console; Core 2 scope.,,disk-management,,https://assets.ctfassets.net/82ripq7fjls2/1oSdlyujpaX3GrM0rir6Ge/91afb2be72785281e8fb4c0d9a70c6f4/CompTIA-A-220-1201-Exam-Objectives-3.0.pdf
A098,35,35,merge,Same elasticity definition as A049.,C179,elasticity,4.2,https://nvlpubs.nist.gov/nistpubs/Legacy/SP/nistspecialpublication800-145.pdf
A099,35,36,remove,Spill risk alone does not establish workstations over thin clients or other form factors.,,client-selection,,https://assets.ctfassets.net/82ripq7fjls2/1oSdlyujpaX3GrM0rir6Ge/91afb2be72785281e8fb4c0d9a70c6f4/CompTIA-A-220-1201-Exam-Objectives-3.0.pdf
A100,36,36,keep,Dim display and disable unneeded radios; preserve connectivity needed for work.,C078,battery-runtime,5.4,https://support.apple.com/en-us/101575
A101,36,36,rewrite,"IP address and mask are needed for IPv4; gateway is needed for remote subnets, not always local printing.",C003,printer-ip,"2.4, 3.7",https://learn.microsoft.com/en-us/windows-server/networking/technologies/dhcp/dhcp-scopes
A102,36,37,keep,Release/renew requests DHCP lease configuration.,C002,dhcp,"2.3, 2.4",https://learn.microsoft.com/en-us/windows-server/networking/technologies/dhcp/dhcp-top
A103,37,37,remove,Rote methodology stage identification is outside current tested objectives.,,methodology,,https://assets.ctfassets.net/82ripq7fjls2/1oSdlyujpaX3GrM0rir6Ge/91afb2be72785281e8fb4c0d9a70c6f4/CompTIA-A-220-1201-Exam-Objectives-3.0.pdf
A104,37,37,remove,Broadcast SSID without data does not prove reboot is the first remedy; check uplink and addressing.,,wifi-uplink,,https://assets.ctfassets.net/82ripq7fjls2/1oSdlyujpaX3GrM0rir6Ge/91afb2be72785281e8fb4c0d9a70c6f4/CompTIA-A-220-1201-Exam-Objectives-3.0.pdf
A105,37,37,merge,Duplicate A048.,C160,duplex,3.7,https://download.brother.com/welcome/doc002441/hl5380dn_ukeng_usr_b.pdf
A106,37,38,rewrite,USB printer sharing depends on host power/network availability; it does not detect manager presence.,C167,shared-printer,3.7,https://support.microsoft.com/en-US/Windows/hardware/printer/share-a-printer-as-a-network-printer
A107,38,38,rewrite,Switch forwards layer-2 frames by MAC table; do not confuse forwarding with IP routing.,C015,switch-forward,"2.5, 2.4",https://www.cisco.com/c/en/us/solutions/small-business/resource-center/networking/networking-basics.html
A108,38,38,rewrite,Use a hostname for resolution tests; ping does not accept a full UNC share path.,C011,dns,"2.3, 2.4",https://learn.microsoft.com/en-us/windows-server/networking/dns/dns-overview ; https://learn.microsoft.com/en-us/windows-server/networking/dns/dns-architecture
A109,38,38,rewrite,Headset supports voice and controller supports game input; motion-sickness avoidance is not guaranteed.,C152,peripherals,"1.2, 2.6",https://csrc.nist.gov/glossary/term/internet_of_things
A110,38,39,keep,1/6/11 are common non-overlapping 20 MHz 2.4 GHz channels in the US.,C056,wifi-channels,"2.2, 5.5",https://www.cisco.com/c/en/us/td/docs/wireless/controller/9800/technical-reference/wireless-rf-reference-guide.html
A111,39,39,merge,Same measured-resource concept as A026.,C179,metered,4.2,https://nvlpubs.nist.gov/nistpubs/Legacy/SP/nistspecialpublication800-145.pdf
A112,39,39,rewrite,Reservation supplies a consistent address through DHCP; distinguish from manual static addressing.,C003,dhcp-reservation,"2.4, 3.7",https://learn.microsoft.com/en-us/windows-server/networking/technologies/dhcp/dhcp-scopes
A113,39,39,merge,Duplicate A013.,C113,m2,3.4,https://www.kingston.com/en/ssd/ssd-faq
A114,39,40,keep,USB-C connector is reversible; shape alone does not specify features or speed.,C143,usb-c,3.2,https://www.usb.org/sites/default/files/usb_type-c_language_product_and_packaging_guidelines_20230320.pdf ; https://www.usb.org/usb-32-0
A115,40,40,rewrite,Check virtual adapter/switch/NAT or bridge; bridged networking does not require static addressing.,C185,vm-network,4.1,https://docs.oracle.com/en/virtualization/virtualbox/7.1/user/networkingdetails.html
A116,40,40,remove,Legacy parallel ATA bus-width trivia not included in current Core 1 hardware outline; omit low-value obsolete detail.,,pata,,https://assets.ctfassets.net/82ripq7fjls2/1oSdlyujpaX3GrM0rir6Ge/91afb2be72785281e8fb4c0d9a70c6f4/CompTIA-A-220-1201-Exam-Objectives-3.0.pdf
A117,40,41,keep,Router forwards traffic between LAN and internet-side networks.,C014,router,2.5,https://www.cisco.com/c/en/us/solutions/small-business/resource-center/networking/networking-basics.html
A118,41,41,keep,Install model/OS-compatible vendor driver; generic driver may lack needed support.,C164,printer-driver,"3.7, 5.6",https://support.hp.com/ca-en/document/c03265802
A119,41,41,keep,IPv4 link-local address commonly indicates no DHCP reply on an auto-configured client.,C001,apipa,"2.6, 5.5",https://www.rfc-editor.org/rfc/rfc3927
A120,41,41,rewrite,"If shared queue is stuck, inspect and clear affected jobs; do not assume all printer faults are queue failures.",C166,print-queue,5.6,https://support.microsoft.com/en-us/windows/hardware/printer/troubleshooting-offline-printer-problems-in-windows
A121,41,41,remove,Warning message omitted; evidence does not select exactly two remedies.,,projector-heat,,https://assets.ctfassets.net/82ripq7fjls2/1oSdlyujpaX3GrM0rir6Ge/91afb2be72785281e8fb4c0d9a70c6f4/CompTIA-A-220-1201-Exam-Objectives-3.0.pdf
A122,42,42,keep,Check signal cable and connections before replacing display components.,C132,video-cable,"3.1, 5.3",https://www.dell.com/support/kbdoc/en-tw/000132110/how-to-troubleshoot-a-dell-desktop-monitor?lang=en
A123,42,42,rewrite,IMAP receives/accesses mail; changing to POP3 does not fix sending; verify SMTP TLS/authentication settings.,C044,smtp,2.1,https://www.rfc-editor.org/rfc/rfc5321 ; https://www.rfc-editor.org/rfc/rfc8314
A124,42,42,rewrite,Unintended router DHCP can give wrong network settings; verify leases rather than assume.,C005,rogue-dhcp,"2.4, 5.5",https://learn.microsoft.com/en-us/windows-server/networking/technologies/dhcp/dhcp-top
A125,42,42,keep,"Check display mode, selected input and compatible dock video path.",C133,external-display,"5.3, 5.4",https://www.dell.com/support/kbdoc/en-tw/000132110/how-to-troubleshoot-a-dell-desktop-monitor?lang=en ; https://dl.dell.com/topicspdf/latitude-14-5420-laptop_owners-manual_en-us.pdf
A126,43,43,rewrite,"Use supported wireless security, updates and separated trusted access; security choices depend on device support.",C152,iot,"1.2, 2.6",https://csrc.nist.gov/glossary/term/internet_of_things
A127,43,43,remove,Unrelated failures and insufficient evidence; key cannot justify capacitor and battery diagnoses.,,motherboard,,https://assets.ctfassets.net/82ripq7fjls2/1oSdlyujpaX3GrM0rir6Ge/91afb2be72785281e8fb4c0d9a70c6f4/CompTIA-A-220-1201-Exam-Objectives-3.0.pdf
A128,43,43,rewrite,Assign unique addresses while preserving required application connectivity; confirm which device requires reservation.,C009,ip-conflict,5.5,https://learn.microsoft.com/en-us/troubleshoot/windows-client/networking/tcpip-addressing-and-subnetting
A129,43,44,remove,Capacity need and growth are unspecified; cannot promise 3 TB lasts a year.,,storage-sizing,,https://assets.ctfassets.net/82ripq7fjls2/1oSdlyujpaX3GrM0rir6Ge/91afb2be72785281e8fb4c0d9a70c6f4/CompTIA-A-220-1201-Exam-Objectives-3.0.pdf
A130,44,44,keep,5V standby supports selected standby/wake circuits while AC remains connected; not all peripherals.,C097,standby-power,"3.6, 5.1",https://www.dell.com/support/manuals/en-in/latitude-5420-laptop/5420_sp14_sm/safety-precautions?guid=guid-30eeebf7-b61e-422e-bf3e-75335ec500e3&lang=en-us
A131,44,44,keep,USB can carry headset audio and microphone data.,C137,usb-audio,"3.2, 5.3",https://www.hdmi.org/spec/hdmi1_4b ; https://support.microsoft.com/en-us/windows/fix-sound-or-audio-problems-in-windows-73025246-b61c-40fb-671a-2535c7cd56c8
A132,44,44,rewrite,Both 802.11a and 802.11ac are 5 GHz standards; single-choice key is defective.,C053,wifi-bands,2.2,https://www.cisco.com/c/en/us/td/docs/wireless/controller/9800/technical-reference/wireless-rf-reference-guide.html
A133,44,45,rewrite,Fast storage and extra display workspace can help editing; RAM/CPU/GPU requirements depend on workload.,C130,editing-hardware,"3.5, 5.1",https://www.intel.com/content/www/us/en/gaming/resources/what-is-bottlenecking-my-pc.html ; https://www.intel.com/content/www/us/en/products/docs/processors/cpu-vs-gpu.html
A134,45,45,keep,"Compatible docking station can combine power, networking and peripheral connections.",C146,dock,"1.2, 5.4",https://www.dell.com/support/kbdoc/en-us/000124295/guide-to-dell-docking-stations
A135,45,45,rewrite,Check free space and storage activity after excluding other bottlenecks; do not disable protection casually.,C117,storage-space,5.2,https://support.microsoft.com/en-us/windows/free-up-drive-space-in-windows-85529ccb-c365-490d-b548-831022bc9b32
A136,45,45,keep,Drop while plugged in can damage charging connector or board; inspect safely.,C080,charging-port,5.4,https://support.apple.com/en-us/108805
A137,45,46,keep,Wireless success with known-good wired charger points to wired charging path; inspect debris/damage safely.,C080,charging-port,5.4,https://support.apple.com/en-us/108805
A138,46,46,remove,Corrupted stem does not establish intended activity-tracking requirement.,,wearable,,https://assets.ctfassets.net/82ripq7fjls2/1oSdlyujpaX3GrM0rir6Ge/91afb2be72785281e8fb4c0d9a70c6f4/CompTIA-A-220-1201-Exam-Objectives-3.0.pdf
A139,46,46,rewrite,"Power delivery is plausible under GPU load; verify required wattage, connectors and temperatures.",C096,psu-sizing,3.6,https://www.corsair.com/ww/en/p/psu/cp-9020170-na/vs-series-vs450-450-watt-80-plus-white-certified-psu-cp-9020170-na ; https://help.corsair.com/hc/en-us/articles/14641912717453-PSU-Efficiency-Ratings-Explained
A140,46,46,rewrite,Decode observed POST pattern using vendor documentation; insufficient power is not established by unspecified sounds.,C094,post-beeps,5.1,https://www.dell.com/support/kbdoc/en-ca/000126068/how-to-diagnose-and-resolve-common-memory-issues-on-a-dell-desktop-pc
A141,46,47,merge,Same data-preservation priority as A046.,C111,failing-drive,5.2,https://www.seagate.com/support/kb/my-system-reported-a-smart-error-on-the-drive-184619en/
A142,47,47,remove,"No universal KVM requirement; firewall management can use serial console, SSH or web interface.",,firewall-console,,https://assets.ctfassets.net/82ripq7fjls2/1oSdlyujpaX3GrM0rir6Ge/91afb2be72785281e8fb4c0d9a70c6f4/CompTIA-A-220-1201-Exam-Objectives-3.0.pdf
A143,47,47,merge,Disable unused radios when appropriate; no universal amount of savings.,C078,battery-runtime,5.4,https://support.apple.com/en-us/101575
A144,47,47,rewrite,Hybrid connects distinct cloud infrastructures; local storage plus cloud storage alone does not prove hybrid cloud.,C178,hybrid-cloud,4.2,https://nvlpubs.nist.gov/nistpubs/Legacy/SP/nistspecialpublication800-145.pdf
A145,47,48,remove,3D filament identification is absent from current printer maintenance objectives; filter legacy scope.,,3d-printer,,https://assets.ctfassets.net/82ripq7fjls2/1oSdlyujpaX3GrM0rir6Ge/91afb2be72785281e8fb4c0d9a70c6f4/CompTIA-A-220-1201-Exam-Objectives-3.0.pdf
A146,48,48,rewrite,"Correct practical choice is authorized host printer sharing (A), not buying another printer (C).",C167,shared-printer,3.7,https://support.microsoft.com/en-US/Windows/hardware/printer/share-a-printer-as-a-network-printer
A147,48,48,rewrite,Check Bluetooth enabled and pairing state; update alone does not establish which was lost.,C064,bluetooth-pair,"1.2, 1.3",https://support.microsoft.com/en-us/windows/pair-a-bluetooth-device-in-windows-2be7b51f-6ae9-b757-a3b9-95ee40c3e242
A148,48,48,keep,"Check virtual NIC, virtual switch and mode; host connectivity does not imply guest connectivity.",C185,vm-network,4.1,https://docs.oracle.com/en/virtualization/virtualbox/7.1/user/networkingdetails.html
A149,48,49,merge,Duplicate concept A054.,C055,wifi-mimo,2.2,https://www.cisco.com/c/en/us/products/collateral/wireless/aironet-1850-series-access-points/datasheet-c78-734256.html
A150,49,49,merge,Duplicate concept A049.,C179,elasticity,4.2,https://nvlpubs.nist.gov/nistpubs/Legacy/SP/nistspecialpublication800-145.pdf
A151,49,49,remove,Core 2 installation task; remote SSH is missing from choices and repartitioning is unnecessary.,,linux-dualboot,,https://assets.ctfassets.net/82ripq7fjls2/1oSdlyujpaX3GrM0rir6Ge/91afb2be72785281e8fb4c0d9a70c6f4/CompTIA-A-220-1201-Exam-Objectives-3.0.pdf
A152,49,49,rewrite,RAM can cause crashes/reboots or vendor-specific POST errors; symptoms alone do not prove failure.,C093,ram-failure,5.1,https://www.dell.com/support/kbdoc/en-ca/000126068/how-to-diagnose-and-resolve-common-memory-issues-on-a-dell-desktop-pc
A153,49,50,remove,"More than three plausible causes; failed part is also valid, so key is not defensible.",,touch-repair,,https://assets.ctfassets.net/82ripq7fjls2/1oSdlyujpaX3GrM0rir6Ge/91afb2be72785281e8fb4c0d9a70c6f4/CompTIA-A-220-1201-Exam-Objectives-3.0.pdf
A154,50,50,rewrite,Describe online-only placeholder files and download-on-demand without conflating all cloud services.,C071,cloud-files,1.3,https://support.microsoft.com/en-us/onedrive/sync-your-computer-s-files-and-folders-with-onedrive
A155,50,50,keep,Airplane mode may disable cellular and Wi-Fi; many devices allow Wi-Fi to be re-enabled.,C062,airplane,"1.3, 5.4",https://support.microsoft.com/en-us/windows/experience/connectivity-networking/essential-network-settings-and-tasks-in-windows
A156,50,50,keep,Compatible charged battery pack/case extends runtime without wall power.,C081,power-bank,"1.2, 5.4",https://www.dell.com/support/kbdoc/en-au/000125125/how-to-troubleshoot-ac-adapter-issues ; https://www.usb.org/usb-charger-pd
A157,50,51,rewrite,Compare DNS lookup with known IP connectivity; HTTPS by raw IP can fail for unrelated certificate/hosting reasons.,C012,dns-test,5.5,https://learn.microsoft.com/en-us/troubleshoot/windows-client/networking/troubleshoot-dns-client-resolution-issues
A158,51,51,keep,Check adapter enabled and hardware/airplane-mode controls.,C062,wifi-radio,"1.3, 5.4",https://support.microsoft.com/en-us/windows/experience/connectivity-networking/essential-network-settings-and-tasks-in-windows
A159,51,51,remove,Undefined LRSIMM and server-grade laptop premise; no supported module recommendation possible.,,ram-compatibility,,https://assets.ctfassets.net/82ripq7fjls2/1oSdlyujpaX3GrM0rir6Ge/91afb2be72785281e8fb4c0d9a70c6f4/CompTIA-A-220-1201-Exam-Objectives-3.0.pdf
A160,51,51,remove,SSID does not explain intermittent kitchen interference; check RF conditions and band.,,wifi-interference,,https://assets.ctfassets.net/82ripq7fjls2/1oSdlyujpaX3GrM0rir6Ge/91afb2be72785281e8fb4c0d9a70c6f4/CompTIA-A-220-1201-Exam-Objectives-3.0.pdf
A161,51,52,keep,RJ11-style connector commonly used for telephone line connections.,C030,rj11,"2.7, 3.2",https://www.netgear.com/hub/technology/connecting-cable-modem-and-router/ ; https://www.flukenetworks.com/blog/cabling-chronicles/wire-map-testing-it-s-not-all-about-color
A162,52,52,rewrite,A compatible print server or host share may both work; clarify host-shared USB scenario.,C167,shared-printer,3.7,https://support.microsoft.com/en-US/Windows/hardware/printer/share-a-printer-as-a-network-printer
A163,52,52,merge,Same cellular internet sharing concept as A075.,C068,hotspot,1.3,https://support.apple.com/en-us/111785
A164,52,52,rewrite,"RG-59 is cable, not connector; F-type or BNC may terminate coax depending on use.",C030,coax,"2.7, 3.2",https://www.netgear.com/hub/technology/connecting-cable-modem-and-router/ ; https://www.flukenetworks.com/blog/cabling-chronicles/wire-map-testing-it-s-not-all-about-color
A165,52,53,keep,A static configuration from another subnet can prevent guest-network access; use authorized DHCP settings.,C002,dhcp,"2.3, 2.4",https://learn.microsoft.com/en-us/windows-server/networking/technologies/dhcp/dhcp-top
A166,53,53,rewrite,RAID 10 combines mirrors and striping; no RAID promises zero downtime/data loss or replaces backup.,C123,raid10,3.4,https://www.intel.com/content/www/us/en/support/articles/000005867/technologies.html
A167,53,53,remove,Budget and website/ERP labels do not determine PaaS versus SaaS/IaaS; management needs missing.,,cloud-choice,,https://assets.ctfassets.net/82ripq7fjls2/1oSdlyujpaX3GrM0rir6Ge/91afb2be72785281e8fb4c0d9a70c6f4/CompTIA-A-220-1201-Exam-Objectives-3.0.pdf
A168,53,53,remove,Thermal technology unspecified; direct thermal uses no ribbon; missing columns have several causes.,,thermal-lines,,https://assets.ctfassets.net/82ripq7fjls2/1oSdlyujpaX3GrM0rir6Ge/91afb2be72785281e8fb4c0d9a70c6f4/CompTIA-A-220-1201-Exam-Objectives-3.0.pdf
A169,53,54,merge,Same hypervisor concept A090.,C182,hypervisor,4.1,https://learn.microsoft.com/en-us/windows-server/virtualization/hyper-v/overview ; https://docs.oracle.com/en/virtualization/virtualbox/7.1/user/Introduction.html
A170,54,54,keep,Local network within building is LAN; fiber does not make it WAN.,C039,lan,2.7,https://www.cisco.com/c/en/us/solutions/small-business/resource-center/networking/networking-basics.html ; https://www.ibm.com/think/topics/block-storage
A171,54,54,remove,Primarily Core 2 operational policy/authorization; retain no rote process card here.,,policy,,https://assets.ctfassets.net/82ripq7fjls2/1oSdlyujpaX3GrM0rir6Ge/91afb2be72785281e8fb4c0d9a70c6f4/CompTIA-A-220-1201-Exam-Objectives-3.0.pdf
A172,54,54,rewrite,CMOS removal does not reliably clear firmware passwords; use authorized vendor recovery procedure.,C105,firmware-password,3.5,https://learn.microsoft.com/en-us/windows/security/operating-system-security/system-security/trusted-boot ; https://www.dell.com/support/kbdoc/en-us/000219905/how-to-set-a-bios-admin-password-on-a-dell-computer
A173,54,55,rewrite,DHCP supplies IP settings; physical/wireless connectivity and access authorization remain necessary.,C002,dhcp,"2.3, 2.4",https://learn.microsoft.com/en-us/windows-server/networking/technologies/dhcp/dhcp-top
A174,55,55,rewrite,"Telnet uses TCP 23, not FTP 21; other remote services require separate controls.",C045,telnet,2.1,https://www.iana.org/assignments/service-names-port-numbers/service-names-port-numbers.xhtml ; https://www.rfc-editor.org/rfc/rfc4251 ; https://www.rfc-editor.org/rfc/rfc8314
A175,55,55,keep,SSH 22 and HTTPS 443 are common secure defaults; a port number alone does not guarantee security.,C045,secure-ports,2.1,https://www.iana.org/assignments/service-names-port-numbers/service-names-port-numbers.xhtml ; https://www.rfc-editor.org/rfc/rfc4251 ; https://www.rfc-editor.org/rfc/rfc8314
A176,55,55,rewrite,"Check boot order, UEFI mode and drive detection; setting PXE address does not restore local OS boot.",C108,boot-order,"3.5, 5.2",https://dl.dell.com/topicspdf/latitude-14-5420-laptop_owners-manual_en-us.pdf
A177,55,55,merge,Contactless payment is an NFC use case.,C065,nfc,"1.2, 2.2",https://nfc-forum.org/learn/nfc-technology/
A178,56,56,rewrite,Reproduce and inspect expected traffic/logs before changing access rules; do not blindly open ports.,C019,firewall-test,"2.5, 5.5",https://nvlpubs.nist.gov/nistpubs/Legacy/SP/nistspecialpublication800-41r1.pdf
A179,56,56,rewrite,"Obtain model-specific procedure, then label screws/cables; do not guess disassembly steps.",C082,service-manual,1.1,https://dl.dell.com/topicspdf/latitude-14-5420-laptop_owners-manual_en-us.pdf
A180,56,56,merge,Mirroring plus striping adds fault tolerance; performance comparison still depends on hardware/workload.,C123,raid10,3.4,https://www.intel.com/content/www/us/en/support/articles/000005867/technologies.html
A181,56,56,keep,"Check power source, cable and switch first before internal replacement.",C095,no-power,5.1,https://www.dell.com/support/kbdoc/en-us/000125609/resolve-no-power-no-post-no-boot-or-no-video-issues-with-your-dell-computer
A182,57,57,remove,Rack protective-ground compliance measurement is beyond this Core 1 deck; unspecified test cannot certify grounding.,,ground-test,,https://assets.ctfassets.net/82ripq7fjls2/1oSdlyujpaX3GrM0rir6Ge/91afb2be72785281e8fb4c0d9a70c6f4/CompTIA-A-220-1201-Exam-Objectives-3.0.pdf
A183,57,57,remove,No GPU option and dual monitors not necessary; fixed CPU count cannot meet unknown games.,,gaming-hardware,,https://assets.ctfassets.net/82ripq7fjls2/1oSdlyujpaX3GrM0rir6Ge/91afb2be72785281e8fb4c0d9a70c6f4/CompTIA-A-220-1201-Exam-Objectives-3.0.pdf
A184,57,57,remove,Unspecified existing OS/peripherals/apps prevents selecting exactly three required steps.,,thin-client,,https://assets.ctfassets.net/82ripq7fjls2/1oSdlyujpaX3GrM0rir6Ge/91afb2be72785281e8fb4c0d9a70c6f4/CompTIA-A-220-1201-Exam-Objectives-3.0.pdf
A185,57,58,keep,Check DHCP scope/reservations/exclusions and static assignments for collisions.,C009,ip-conflict,5.5,https://learn.microsoft.com/en-us/troubleshoot/windows-client/networking/tcpip-addressing-and-subnetting
A186,58,58,remove,"NIC, medium and switch may all be in path; topology unspecified and switch not mandatory.",,gateway-path,,https://assets.ctfassets.net/82ripq7fjls2/1oSdlyujpaX3GrM0rir6Ge/91afb2be72785281e8fb4c0d9a70c6f4/CompTIA-A-220-1201-Exam-Objectives-3.0.pdf
A187,58,58,keep,Mouse is pointing/input device; monitor is primarily output.,C149,mouse,"1.1, 5.4",https://support.microsoft.com/en-US/Windows/Hardware/input-devices/mouse-and-keyboard-problems-in-windows
A188,58,58,rewrite,DDR4 and ECC are not mutually exclusive; select platform-supported generation/form factor/ECC capability.,C089,ecc,3.3,https://www.intel.com/content/www/us/en/support/articles/000100193/processors/intel-xeon-processors.html
A189,58,59,merge,Duplicate duplex concept.,C160,duplex,3.7,https://download.brother.com/welcome/doc002441/hl5380dn_ukeng_usr_b.pdf
A190,59,59,keep,169.254.1.1 is IPv4 link-local; normally not routed off-link.,C001,apipa,"2.6, 5.5",https://www.rfc-editor.org/rfc/rfc3927
A191,59,59,remove,VR-headset key is wrong; e-paper sunlight readability is peripheral to current listed display technologies.,,eink,,https://assets.ctfassets.net/82ripq7fjls2/1oSdlyujpaX3GrM0rir6Ge/91afb2be72785281e8fb4c0d9a70c6f4/CompTIA-A-220-1201-Exam-Objectives-3.0.pdf
A192,59,59,rewrite,"Flush cache can fix stale local DNS entries, but test resolver/configuration; not a guaranteed DNS repair.",C012,dns-cache,5.5,https://learn.microsoft.com/en-us/troubleshoot/windows-client/networking/troubleshoot-dns-client-resolution-issues
A193,59,59,remove,Contrast does not reliably repair lamp dimness; multiple possible causes and insufficient isolation.,,projector-display,,https://assets.ctfassets.net/82ripq7fjls2/1oSdlyujpaX3GrM0rir6Ge/91afb2be72785281e8fb4c0d9a70c6f4/CompTIA-A-220-1201-Exam-Objectives-3.0.pdf
A194,60,60,remove,Access-network architecture unspecified; several technologies change media before last mile.,,last-mile,,https://assets.ctfassets.net/82ripq7fjls2/1oSdlyujpaX3GrM0rir6Ge/91afb2be72785281e8fb4c0d9a70c6f4/CompTIA-A-220-1201-Exam-Objectives-3.0.pdf
A195,60,60,rewrite,"RAM commonly limits VM count; verify CPU, storage and network too rather than universal upgrade.",C183,vm-resources,4.1,https://learn.microsoft.com/en-us/windows-server/virtualization/hyper-v/host-hardware-requirements
A196,60,60,keep,Touchscreen can accept check-in input; protect kiosk appropriately.,C152,kiosk,"1.2, 2.6",https://csrc.nist.gov/glossary/term/internet_of_things
A197,60,61,keep,Multiple compatible guests can share one adequately sized host for testing.,C187,vm-testing,4.1,https://learn.microsoft.com/en-us/windows-server/virtualization/hyper-v/overview ; https://docs.oracle.com/en/virtualization/virtualbox/7.1/user/Introduction.html
A198,61,61,remove,Drive count absent and implausible spindle speeds; cannot derive capacity/performance/failure points.,,raid-sizing,,https://assets.ctfassets.net/82ripq7fjls2/1oSdlyujpaX3GrM0rir6Ge/91afb2be72785281e8fb4c0d9a70c6f4/CompTIA-A-220-1201-Exam-Objectives-3.0.pdf
A199,61,61,keep,"Cat 5e supports Gigabit Ethernet over compliant channel, sufficient for 600 Mbps target.",C028,cat5e,3.2,https://www.cisco.com/c/en/us/td/docs/switches/lan/catalyst1000/hardware/installation/24_48_port_hig/b_c1000_24_48_hig/product_overview.html
A200,61,61,rewrite,Large jobs may exceed printer memory; verify job/driver/firmware and model-supported memory expansion.,C165,printer-memory,5.6,https://download.brother.com/welcome/doc002441/hl5380dn_ukeng_usr_b.pdf
B001,62,62,merge,"DNS resolves hostname part of a UNC path, not the full path.",C011,dns,"2.3, 2.4",https://learn.microsoft.com/en-us/windows-server/networking/dns/dns-overview ; https://learn.microsoft.com/en-us/windows-server/networking/dns/dns-architecture
B002,62,62,remove,Roller cleaning does not repair faint toner density; insufficient evidence for exactly two options.,,faint-print,,https://assets.ctfassets.net/82ripq7fjls2/1oSdlyujpaX3GrM0rir6Ge/91afb2be72785281e8fb4c0d9a70c6f4/CompTIA-A-220-1201-Exam-Objectives-3.0.pdf
B003,62,62,remove,No evidence distinguishes background updates from OS/app/storage causes.,,phone-slow,,https://assets.ctfassets.net/82ripq7fjls2/1oSdlyujpaX3GrM0rir6Ge/91afb2be72785281e8fb4c0d9a70c6f4/CompTIA-A-220-1201-Exam-Objectives-3.0.pdf
B004,62,62,rewrite,Select supported cardstock/media profile so printer adjusts fusing/speed; do not manually overheat fuser.,C163,paper-type,"3.7, 5.6",https://h10032.www1.hp.com/ctg/Manual/c05786470.pdf
B005,63,63,keep,"LAN within offices; MAN connects sites across metropolitan area. Rate is Gbps, not GB.",C039,man,2.7,https://www.cisco.com/c/en/us/solutions/small-business/resource-center/networking/networking-basics.html ; https://www.ibm.com/think/topics/block-storage
B006,63,63,keep,"Modern discrete graphics typically uses PCIe; verify slot, power, dimensions and firmware.",C109,pcie,3.5,https://www.intel.com/content/www/us/en/gaming/resources/what-is-pcie-4-and-why-does-it-matter.html
B007,63,63,rewrite,SATA data and power connectors differ; omit obsolete IDE selection requirement.,C114,sata,"3.2, 3.4",https://www.kingston.com/en/ssd/ssd-faq ; https://www.kingston.com/en/ssd/ssd-faq
B008,63,64,rewrite,"169.254 address after move suggests missing DHCP connectivity; verify Ethernet path, not assumed duplicate IP.",C001,apipa,"2.6, 5.5",https://www.rfc-editor.org/rfc/rfc3927
B009,64,64,merge,Channel 6 is a common 2.4 GHz channel; country rules apply.,C056,wifi-channels,"2.2, 5.5",https://www.cisco.com/c/en/us/td/docs/wireless/controller/9800/technical-reference/wireless-rf-reference-guide.html
B010,64,64,rewrite,Set sync bandwidth/schedule or network QoS as appropriate; question does not uniquely choose one.,C071,sync-bandwidth,1.3,https://support.microsoft.com/en-us/onedrive/sync-your-computer-s-files-and-folders-with-onedrive
B011,64,64,keep,DHCP must provide valid DNS resolver settings for name resolution.,C002,dhcp-options,"2.3, 2.4",https://learn.microsoft.com/en-us/windows-server/networking/technologies/dhcp/dhcp-top
B012,64,65,rewrite,Shared wireless failures suggest AP/uplink/radio path; confirm scope and leases.,C060,wifi-uplink,5.5,https://www.cisco.com/c/en/us/support/docs/wireless/wireless-lan-controller-software/220877-troubleshoot-wireless-speed-issues.pdf
B013,65,65,rewrite,"Correct concept is rapid elasticity (D), not overprovisioning (A).",C179,elasticity,4.2,https://nvlpubs.nist.gov/nistpubs/Legacy/SP/nistspecialpublication800-145.pdf
B014,65,65,keep,Authorized VPN gives remote access to private network resources over untrusted networks.,C040,vpn,"2.6, 1.3",https://csrc.nist.gov/glossary/term/virtual_private_network
B048,74,74,keep,Authorized VPN gives remote access to private network resources over untrusted networks.,C040,vpn,"2.6, 1.3",https://csrc.nist.gov/glossary/term/virtual_private_network
B015,65,65,rewrite,IPS can block detected malicious traffic; IDS primarily detects/alerts; no device stops every attack.,C020,ips,2.5,https://nvlpubs.nist.gov/nistpubs/Legacy/SP/nistspecialpublication800-94.pdf
B016,65,66,rewrite,"Power off, disconnect safely and follow service manual; rice is not a reliable repair.",C083,liquid-spill,5.4,https://support.apple.com/en-us/102643
B017,66,66,keep,Verify AC input range and local plug/cable suitability; never assume universal voltage.,C096,psu-input,3.6,https://www.corsair.com/ww/en/p/psu/cp-9020170-na/vs-series-vs450-450-watt-80-plus-white-certified-psu-cp-9020170-na ; https://help.corsair.com/hc/en-us/articles/14641912717453-PSU-Efficiency-Ratings-Explained
B018,66,66,remove,"RAID, full storage and access/service failure remain possible; remote access alone is insufficient.",,server-storage,,https://assets.ctfassets.net/82ripq7fjls2/1oSdlyujpaX3GrM0rir6Ge/91afb2be72785281e8fb4c0d9a70c6f4/CompTIA-A-220-1201-Exam-Objectives-3.0.pdf
B019,66,66,keep,Provider-hosted calendar application is SaaS.,C176,saas,4.2,https://azure.microsoft.com/en-us/resources/cloud-computing-dictionary/what-are-iaas-paas-and-saas
B020,66,67,keep,Suitable fiber and optics support a roughly 2640 ft link; match transceiver and fiber ratings.,C032,fiber-distance,3.2,https://www.thefoa.org/tech/ref/basic/fiber.html
B021,67,67,remove,Core 2 identity management; SSO does not universally eliminate device unlock passwords.,,sso,,https://assets.ctfassets.net/82ripq7fjls2/1oSdlyujpaX3GrM0rir6Ge/91afb2be72785281e8fb4c0d9a70c6f4/CompTIA-A-220-1201-Exam-Objectives-3.0.pdf
B022,67,67,remove,LCD inverter is not an established charging cause; arbitrary selection of three is unsupported.,,battery-charging,,https://assets.ctfassets.net/82ripq7fjls2/1oSdlyujpaX3GrM0rir6Ge/91afb2be72785281e8fb4c0d9a70c6f4/CompTIA-A-220-1201-Exam-Objectives-3.0.pdf
B023,67,67,merge,Managed switch can define VLANs; VLAN separation needs appropriate access controls.,C016,vlan,2.4,https://www.cisco.com/c/en/us/td/docs/switches/lan/catalyst6500/ios/12-2SX/configuration/guide/book/vlans.html
B024,67,68,rewrite,"Identify failed disk, protect backup, replace compatible drive using controller procedure; hot-swap only if supported.",C126,raid-rebuild,5.2,https://downloads.dell.com/topicspdf/poweredge-rc-h740p_Users-Guide_en-us.pdf
B025,68,68,rewrite,Use vendor beep codes and GPU power requirements; unspecified beeps do not prove weak PSU.,C094,post-beeps,5.1,https://www.dell.com/support/kbdoc/en-ca/000126068/how-to-diagnose-and-resolve-common-memory-issues-on-a-dell-desktop-pc
B026,68,68,keep,Check controller/event health and cache status before hardware replacement or destructive array changes.,C127,raid-cache,"3.4, 5.2",https://downloads.dell.com/topicspdf/poweredge-rc-h740p_Users-Guide_en-us.pdf
B027,68,68,merge,Bluetooth pairing enables compatible wearable/phone communication.,C064,bluetooth-pair,"1.2, 1.3",https://support.microsoft.com/en-us/windows/pair-a-bluetooth-device-in-windows-2be7b51f-6ae9-b757-a3b9-95ee40c3e242
B028,68,69,rewrite,"Static address can conflict, but is not inherently duplicate; check actual assignments.",C009,ip-conflict,5.5,https://learn.microsoft.com/en-us/troubleshoot/windows-client/networking/tcpip-addressing-and-subnetting
B029,69,69,remove,Core 2 application/privacy setting; blindly enabling remote images is not universally appropriate.,,email-images,,https://assets.ctfassets.net/82ripq7fjls2/1oSdlyujpaX3GrM0rir6Ge/91afb2be72785281e8fb4c0d9a70c6f4/CompTIA-A-220-1201-Exam-Objectives-3.0.pdf
B030,69,69,rewrite,Verify correct printer/queue and compatible driver before disrupting shared service.,C166,printer-queue-select,5.6,https://support.microsoft.com/en-us/windows/hardware/printer/troubleshooting-offline-printer-problems-in-windows
B031,69,69,rewrite,Inspect digitizer device status/driver and hardware path; no universal first console for all devices.,C074,touch-driver,"1.1, 5.4",https://www.dell.com/support/kbdoc/en-us/000132121/how-to-troubleshoot-touchscreen-touch-panel-issues
B032,70,70,remove,"Clock, architecture and workload absent; overclocked core count does not establish best stable server performance.",,cpu-licensing,,https://assets.ctfassets.net/82ripq7fjls2/1oSdlyujpaX3GrM0rir6Ge/91afb2be72785281e8fb4c0d9a70c6f4/CompTIA-A-220-1201-Exam-Objectives-3.0.pdf
B033,70,70,rewrite,"Stem says broadcasting to every port, which describes hub, not keyed switch; teach qualified distinction.",C015,switch-forward,"2.5, 2.4",https://www.cisco.com/c/en/us/solutions/small-business/resource-center/networking/networking-basics.html
B034,70,70,rewrite,Movement-related power loss suggests loose power/battery connection; reseating alone does not rule out connector damage.,C082,battery-connection,1.1,https://dl.dell.com/topicspdf/latitude-14-5420-laptop_owners-manual_en-us.pdf
B035,70,71,keep,Sign in to authorized supported account and enable contacts/calendar synchronization.,C071,mobile-sync,1.3,https://support.microsoft.com/en-us/onedrive/sync-your-computer-s-files-and-folders-with-onedrive
B036,71,71,remove,DDR3 cannot simply function in a DDR4-only slot; keyed cause contradicts working subsets.,,ram-generation,,https://assets.ctfassets.net/82ripq7fjls2/1oSdlyujpaX3GrM0rir6Ge/91afb2be72785281e8fb4c0d9a70c6f4/CompTIA-A-220-1201-Exam-Objectives-3.0.pdf
B037,71,71,rewrite,Plenum cable required in environmental-air spaces under applicable rules; crawl space is not automatically plenum.,C034,plenum,3.2,https://www.belden.com/blog/communications-cable-ratings
B038,71,71,rewrite,Inverter applies to older CCFL LCDs; LED backlights use different driver circuitry.,C134,backlight,"3.1, 5.3",https://www.dell.com/support/kbdoc/en-us/000134946/how-to-troubleshoot-display-or-video-issues-on-dell-laptop-lcd-panel
B039,71,72,merge,Choose extend/duplicate using OS display controls; verify compatible connection.,C133,external-display,"5.3, 5.4",https://www.dell.com/support/kbdoc/en-tw/000132110/how-to-troubleshoot-a-dell-desktop-monitor?lang=en ; https://dl.dell.com/topicspdf/latitude-14-5420-laptop_owners-manual_en-us.pdf
B052,75,75,merge,Choose extend/duplicate using OS display controls; verify compatible connection.,C133,external-display,"5.3, 5.4",https://www.dell.com/support/kbdoc/en-tw/000132110/how-to-troubleshoot-a-dell-desktop-monitor?lang=en ; https://dl.dell.com/topicspdf/latitude-14-5420-laptop_owners-manual_en-us.pdf
B040,72,72,remove,Retired Windows mobile platform and Core 2 accessibility setting; not retained as current platform advice.,,windows-mobile,,https://assets.ctfassets.net/82ripq7fjls2/1oSdlyujpaX3GrM0rir6Ge/91afb2be72785281e8fb4c0d9a70c6f4/CompTIA-A-220-1201-Exam-Objectives-3.0.pdf
B041,72,72,rewrite,Local peer responds but gateway and remote IP do not. Investigate gateway/path and ICMP filtering; DNS cannot explain failed numeric-IP tests.,C006,gateway,"2.6, 5.5",https://learn.microsoft.com/en-us/troubleshoot/windows-client/networking/tcpip-addressing-and-subnetting
B042,72,72,remove,Core 2 malware procedure and wrong research-after-repair key; omit.,,malware-method,,https://assets.ctfassets.net/82ripq7fjls2/1oSdlyujpaX3GrM0rir6Ge/91afb2be72785281e8fb4c0d9a70c6f4/CompTIA-A-220-1201-Exam-Objectives-3.0.pdf
B043,73,73,keep,Finalizing a write-once optical disc prevents adding another recording session; media/drive support matters.,C120,optical-finalize,3.4,https://www.sony.com/electronics/support/articles/00009285
B044,73,73,keep,Guest network isolation may block printer access; place devices on authorized reachable network.,C059,guest-isolation,"2.6, 5.5",https://support.apple.com/en-us/102766
B045,73,73,rewrite,Barcode scanner reads inventory; label printer makes tags; magnetic reader key is wrong.,C154,barcode-label,3.8,https://prod-www.zebra.com/us/en/resource-library/faq/difference-between-direct-thermal-and-thermal-transfer-printing.html
B046,73,73,keep,USB or Bluetooth tethering can share supported cellular data without Wi-Fi hotspot.,C068,tethering,1.3,https://support.apple.com/en-us/111785
B047,74,74,keep,IPv4 mask distinguishes network prefix bits from host bits.,C007,subnet-mask,"2.6, 5.5",https://learn.microsoft.com/en-us/troubleshoot/windows-client/networking/tcpip-addressing-and-subnetting
B049,74,74,rewrite,Network bandwidth constrains sync; no single resource universally dominates every workload.,C071,sync-bandwidth,1.3,https://support.microsoft.com/en-us/onedrive/sync-your-computer-s-files-and-folders-with-onedrive
B050,74,74,rewrite,"Protect bezel clips, cables and connectors following service procedure; no universal most-damaged part.",C082,service-manual,1.1,https://dl.dell.com/topicspdf/latitude-14-5420-laptop_owners-manual_en-us.pdf
B051,74,75,keep,Firewall enforces traffic policy; switch ACLs may also enforce some policy.,C019,firewall,"2.5, 5.5",https://nvlpubs.nist.gov/nistpubs/Legacy/SP/nistspecialpublication800-41r1.pdf
B087,86,86,keep,Firewall enforces traffic policy; switch ACLs may also enforce some policy.,C019,firewall,"2.5, 5.5",https://nvlpubs.nist.gov/nistpubs/Legacy/SP/nistspecialpublication800-41r1.pdf
B053,75,75,keep,Properly installed/grounded shielded twisted pair reduces interference; fiber is immune to electrical EMI.,C032,emi,3.2,https://www.thefoa.org/tech/ref/basic/fiber.html
B054,75,76,keep,Fuser heat and pressure bond toner; check supported media/profile before replacement.,C155,fuser,"3.8, 5.6",https://support.hp.com/ca-en/document/ish_6747730-6747774-16
B055,76,76,remove,Rote next-methodology-step question with ambiguous answers; not current tested objective.,,methodology,,https://assets.ctfassets.net/82ripq7fjls2/1oSdlyujpaX3GrM0rir6Ge/91afb2be72785281e8fb4c0d9a70c6f4/CompTIA-A-220-1201-Exam-Objectives-3.0.pdf
B056,76,76,keep,Compatible PCIe/NVMe SSD generally offers higher interface throughput than SATA alternatives; verify platform.,C114,nvme,"3.2, 3.4",https://www.kingston.com/en/ssd/ssd-faq ; https://www.kingston.com/en/ssd/ssd-faq
B057,76,77,merge,"Verify correct input, cable and output mode for no-signal condition.",C132,video-cable,"3.1, 5.3",https://www.dell.com/support/kbdoc/en-tw/000132110/how-to-troubleshoot-a-dell-desktop-monitor?lang=en
B058,77,77,remove,"Symptoms, causes and restatements mixed; evidence cannot select exact two causes.",,raid-failure,,https://assets.ctfassets.net/82ripq7fjls2/1oSdlyujpaX3GrM0rir6Ge/91afb2be72785281e8fb4c0d9a70c6f4/CompTIA-A-220-1201-Exam-Objectives-3.0.pdf
B059,77,77,merge,Same isolated-test concept.,C186,sandbox,4.1,https://learn.microsoft.com/en-us/windows/security/application-security/application-isolation/windows-sandbox/windows-sandbox-configure-using-wsb-file
B060,77,78,keep,Focus lens and confirm supported resolution/placement for soft image.,C141,projector-focus,5.3,https://files.support.epson.com/docid/cpd5/cpd51854/source/troubleshooting/reference/problem_image_blurry_no_auto_keystone.html
B061,78,78,keep,"Storage area network provides storage connectivity, commonly block-level.",C039,san,2.7,https://www.cisco.com/c/en/us/solutions/small-business/resource-center/networking/networking-basics.html ; https://www.ibm.com/think/topics/block-storage
B062,78,78,merge,Same compatible model/OS driver concept.,C164,printer-driver,"3.7, 5.6",https://support.hp.com/ca-en/document/c03265802
B063,78,79,remove,Documenting incidents is useful but rote methodology sequence is outside current exam scope.,,methodology,,https://assets.ctfassets.net/82ripq7fjls2/1oSdlyujpaX3GrM0rir6Ge/91afb2be72785281e8fb4c0d9a70c6f4/CompTIA-A-220-1201-Exam-Objectives-3.0.pdf
B064,79,79,merge,NFC supports compatible contactless payment.,C065,nfc,"1.2, 2.2",https://nfc-forum.org/learn/nfc-technology/
B069,80,81,merge,NFC supports compatible contactless payment.,C065,nfc,"1.2, 2.2",https://nfc-forum.org/learn/nfc-technology/
B065,79,79,rewrite,Size supply for planned load and connectors; 1000 W is not universally correct without component requirements.,C096,psu-sizing,3.6,https://www.corsair.com/ww/en/p/psu/cp-9020170-na/vs-series-vs450-450-watt-80-plus-white-certified-psu-cp-9020170-na ; https://help.corsair.com/hc/en-us/articles/14641912717453-PSU-Efficiency-Ratings-Explained
B066,79,80,rewrite,"GPS reception itself does not require cellular service; maps/assistance data may, and power settings matter.",C070,gps,1.3,https://www.gps.gov/space-segment
B067,80,80,keep,Content/keyword filtering can detect repeated spam across varying sender domains; review false positives.,C022,spam-filter,2.3,https://learn.microsoft.com/en-us/defender-office-365/anti-spam-protection-about
B068,80,80,merge,Restore valid DHCP service/path and routing settings; APIPA cannot provide normal off-link internet access.,C001,apipa,"2.6, 5.5",https://www.rfc-editor.org/rfc/rfc3927
B070,81,81,rewrite,"Heavy apps, hotspot workload and failed battery can heat a phone; inspect safely and avoid categorical diagnosis.",C084,mobile-heat,5.4,https://support.apple.com/en-us/118431
B071,81,81,rewrite,"Thunderbolt exists on multiple vendors/platforms; connector compatibility must be verified, not assumed from brand.",C144,thunderbolt,3.2,https://www.intel.com/content/www/us/en/architecture-and-technology/thunderbolt/overview.html
B072,81,81,rewrite,Tap copies traffic for analysis; analyzer still needed and cost varies with infrastructure.,C023,network-tap,2.8,https://www.garlandtechnology.com/network-tap
B073,82,82,merge,"Impact printers use ribbon; thermal-transfer printers can also use ribbons, so specify impact mechanism.",C153,impact-ribbon,3.8,https://files.support.epson.com/htmldocs/lx50__/lx50__ug/paper_2.htm
B074,82,82,remove,Rote troubleshooting-stage question; image does not change out-of-scope decision.,,methodology,,https://assets.ctfassets.net/82ripq7fjls2/1oSdlyujpaX3GrM0rir6Ge/91afb2be72785281e8fb4c0d9a70c6f4/CompTIA-A-220-1201-Exam-Objectives-3.0.pdf
B075,82,82,remove,Core 2 software provenance/deployment task; trusted source should be checked before reinstall.,,software-install,,https://assets.ctfassets.net/82ripq7fjls2/1oSdlyujpaX3GrM0rir6Ge/91afb2be72785281e8fb4c0d9a70c6f4/CompTIA-A-220-1201-Exam-Objectives-3.0.pdf
B076,82,83,keep,Analyze channel congestion/interference after coverage checks.,C058,wifi-analyzer,"2.8, 5.5",https://www.cisco.com/c/en/us/support/docs/wireless/wireless-lan-controller-software/220877-troubleshoot-wireless-speed-issues.pdf
B077,83,83,rewrite,"Slot colors suggest pairing but vendor manual determines population; channels are configuration, not separate RAM type.",C091,memory-channels,3.3,https://www.kingston.com/en/memory/memory-population-rules
B078,83,83,keep,"Check account credentials/token, sync settings and connectivity before wiping device.",C071,mobile-sync,1.3,https://support.microsoft.com/en-us/onedrive/sync-your-computer-s-files-and-folders-with-onedrive
B079,83,84,keep,Lightning is reversible and succeeded Apple's 30-pin connector; newer devices may use USB-C.,C086,lightning,1.2,https://support.apple.com/guide/iphone/connect-iphone-and-your-computer-with-a-cable-iph42d9b3178/ios
B080,84,84,keep,Check compatible charger output/power-delivery support and cable before resets.,C081,charger-rating,"1.2, 5.4",https://www.dell.com/support/kbdoc/en-au/000125125/how-to-troubleshoot-ac-adapter-issues ; https://www.usb.org/usb-charger-pd
B081,84,84,merge,TCP 25 is SMTP relay default; message submission commonly uses other configured ports.,C044,smtp,2.1,https://www.rfc-editor.org/rfc/rfc5321 ; https://www.rfc-editor.org/rfc/rfc8314
B082,84,85,rewrite,Enroll intended user's fingerprint and follow approved access policy; biometrics do not replace all account controls.,C077,biometrics,1.1,https://learn.microsoft.com/en-us/windows/security/identity-protection/hello-for-business/
B083,85,85,keep,Load-related thermal shutdown suggests cooling problem; verify temperatures and fan operation.,C103,overheating,"3.5, 5.1",https://www.dell.com/support/kbdoc/en-us/000130867/how-to-troubleshoot-a-overheating-shutdown-or-thermal-issue-on-a-dell-pc ; https://www.intel.com/content/www/us/en/gaming/resources/how-to-apply-thermal-paste.html
B084,85,85,rewrite,Private cloud is exclusive to one organization; operational control depends on hosting contract.,C177,private-cloud,4.2,https://nvlpubs.nist.gov/nistpubs/Legacy/SP/nistspecialpublication800-145.pdf
B085,85,86,rewrite,802.11n supports 2.4 and 5 GHz; listed 802.11c is not a valid answer to this question.,C053,wifi-bands,2.2,https://www.cisco.com/c/en/us/td/docs/wireless/controller/9800/technical-reference/wireless-rf-reference-guide.html
B086,86,86,merge,Check touch hardware/driver and supported settings rather than assume calibration.,C074,touch-driver,"1.1, 5.4",https://www.dell.com/support/kbdoc/en-us/000132121/how-to-troubleshoot-touchscreen-touch-panel-issues
B088,86,87,merge,Follow manufacturer ghosting diagnosis; drum and fuser are possible causes.,C157,laser-ghosting,5.6,https://support.hp.com/ca-en/document/ish_6747730-6747774-16
B089,87,87,rewrite,"After cable/output verification, confirm supported input timing/resolution and selected input.",C136,display-resolution,"3.1, 5.3",https://support.microsoft.com/en-us/windows/change-your-screen-resolution-and-layout-in-windows-5effefe3-2eac-e306-0b5d-2073b765876b
B090,87,87,keep,Compatible USB-C host connection or Bluetooth can connect keyboard; verify device support.,C064,tablet-keyboard,"1.2, 1.3",https://support.microsoft.com/en-us/windows/pair-a-bluetooth-device-in-windows-2be7b51f-6ae9-b757-a3b9-95ee40c3e242
B091,87,88,rewrite,Inspect client address and lease plus link state; DHCP server is not always cause of whole-network loss.,C002,dhcp,"2.3, 2.4",https://learn.microsoft.com/en-us/windows-server/networking/technologies/dhcp/dhcp-top
B092,88,88,remove,"No valid sandbox/VM deployment-test option; VNC is remote control, not application isolation.",,deployment-test,,https://assets.ctfassets.net/82ripq7fjls2/1oSdlyujpaX3GrM0rir6Ge/91afb2be72785281e8fb4c0d9a70c6f4/CompTIA-A-220-1201-Exam-Objectives-3.0.pdf
B093,88,88,merge,"Exhibit shows 169.254.254.1/16 with no gateway: IPv4 link-local, not a usable routed DHCP lease.",C001,apipa,"2.6, 5.5",https://www.rfc-editor.org/rfc/rfc3927
B094,88,89,keep,Compatible PoE injector supplies power when switch does not; match standard and power budget.,C035,poe,2.5,https://www.cisco.com/c/en/us/td/docs/switches/lan/catalyst1000/hardware/installation/24_48_port_hig/b_c1000_24_48_hig/product_overview.html
B095,89,89,merge,Lint or damaged connector can prevent seating; inspect and clean using safe vendor procedure.,C080,charging-port,5.4,https://support.apple.com/en-us/108805
B096,89,89,keep,Compatible USB-to-serial adapter can provide legacy DE-9 serial connection with correct driver/pinout.,C038,usb-serial,"3.2, 2.8",https://www.cisco.com/c/en/us/support/docs/routers/7000-series-routers/12223-14.html
B097,89,89,remove,Rote next-step question lacks test-theory option; outside current tested methodology scope.,,methodology,,https://assets.ctfassets.net/82ripq7fjls2/1oSdlyujpaX3GrM0rir6Ge/91afb2be72785281e8fb4c0d9a70c6f4/CompTIA-A-220-1201-Exam-Objectives-3.0.pdf
B098,89,90,merge,"Four-drive mirrored stripe provides redundancy and performance, with half raw capacity.",C123,raid10,3.4,https://www.intel.com/content/www/us/en/support/articles/000005867/technologies.html
B099,90,90,merge,Duplex prints both sides; establish expected single/double-sided output.,C160,duplex,3.7,https://download.brother.com/welcome/doc002441/hl5380dn_ukeng_usr_b.pdf
B100,90,90,rewrite,Disable power and allow hot fuser to cool before clearing paper; original order risks burns.,C156,fuser-safety,3.8,https://h10032.www1.hp.com/ctg/Manual/c05786470.pdf
B101,90,91,keep,Protected video requires compatible HDCP support across playback chain.,C139,hdcp,"3.1, 5.3",https://www.digital-cp.com/hdcp-specifications
B102,91,91,keep,"Verify supported generation, form factor, capacity and population; use ESD precautions during installation.",C088,ram-compatibility,3.3,https://www.kingston.com/en/memory
B103,91,91,merge,Same authorized remote-network access concept.,C040,vpn,"2.6, 1.3",https://csrc.nist.gov/glossary/term/virtual_private_network
B104,91,92,rewrite,Full storage can cause slow operation/update failures; verify free space and drive health.,C117,storage-space,5.2,https://support.microsoft.com/en-us/windows/free-up-drive-space-in-windows-85529ccb-c365-490d-b548-831022bc9b32
B105,92,92,merge,Rented compute/storage infrastructure reduces need to own physical hardware; customer still manages guest stack.,C174,iaas,4.2,https://azure.microsoft.com/en-us/resources/cloud-computing-dictionary/what-are-iaas-paas-and-saas
B106,92,92,keep,Compatible legacy OS/application may run in VM with license and isolation safeguards.,C187,legacy-vm,4.1,https://learn.microsoft.com/en-us/windows-server/virtualization/hyper-v/overview ; https://docs.oracle.com/en/virtualization/virtualbox/7.1/user/Introduction.html
B107,92,93,rewrite,Reduce unnecessary background location polling; avoid promise that cellular positioning always saves power.,C078,battery-runtime,5.4,https://support.apple.com/en-us/101575
B108,93,93,merge,Drum contamination/damage can cause streaks; confirm model troubleshooting.,C157,laser-lines,5.6,https://support.hp.com/ca-en/document/ish_6747730-6747774-16
B109,93,94,rewrite,Secure Boot validates trusted boot code and may allow signed Linux; restrict external boot separately.,C105,secure-boot,3.5,https://learn.microsoft.com/en-us/windows/security/operating-system-security/system-security/trusted-boot ; https://www.dell.com/support/kbdoc/en-us/000219905/how-to-set-a-bios-admin-password-on-a-dell-computer
B110,94,94,keep,Default HTTP 80 and HTTPS 443; explicitly distinguish conventional TCP use from HTTP/3 over QUIC.,C042,http-https,"2.1, 2.3",https://www.rfc-editor.org/rfc/rfc9110 ; https://www.rfc-editor.org/rfc/rfc9114
B111,94,94,merge,Reservation associates client identity with consistent DHCP address.,C003,dhcp-reservation,"2.4, 3.7",https://learn.microsoft.com/en-us/windows-server/networking/technologies/dhcp/dhcp-scopes
B112,94,94,merge,Enable supported duplicate/extend output before hardware replacement.,C133,external-display,"5.3, 5.4",https://www.dell.com/support/kbdoc/en-tw/000132110/how-to-troubleshoot-a-dell-desktop-monitor?lang=en ; https://dl.dell.com/topicspdf/latitude-14-5420-laptop_owners-manual_en-us.pdf
B113,94,95,keep,VDI hosts managed desktops centrally for remote clients; security still needs policy and access controls.,C189,vdi,4.1,https://learn.microsoft.com/en-us/azure/virtual-desktop/overview ; https://learn.microsoft.com/en-us/windows/application-management/app-v/appv-for-windows
B140,103,104,keep,VDI hosts managed desktops centrally for remote clients; security still needs policy and access controls.,C189,vdi,4.1,https://learn.microsoft.com/en-us/azure/virtual-desktop/overview ; https://learn.microsoft.com/en-us/windows/application-management/app-v/appv-for-windows
B114,95,95,keep,Hypervisor allocates host resources to guests; cloud resource pooling serves multiple consumers.,C179,resource-pool,4.2,https://nvlpubs.nist.gov/nistpubs/Legacy/SP/nistspecialpublication800-145.pdf
B183,117,117,keep,Hypervisor allocates host resources to guests; cloud resource pooling serves multiple consumers.,C179,resource-pool,4.2,https://nvlpubs.nist.gov/nistpubs/Legacy/SP/nistspecialpublication800-145.pdf
B115,95,96,keep,NFC tap can initiate Bluetooth pairing; Bluetooth then carries audio.,C065,nfc-pairing,"1.2, 2.2",https://nfc-forum.org/learn/nfc-technology/
B116,96,96,keep,Escape breaches guest isolation toward host/hypervisor; patch and harden both layers.,C186,vm-escape,4.1,https://learn.microsoft.com/en-us/windows/security/application-security/application-isolation/windows-sandbox/windows-sandbox-configure-using-wsb-file
B117,96,96,keep,Laptop antennas often run around display bezel; route replacements per service manual.,C061,wifi-antenna,"1.1, 5.4",https://dl.dell.com/topicspdf/latitude-14-5420-laptop_owners-manual_en-us.pdf
B118,96,96,rewrite,GPU and added drives increase load; quantify components rather than assume exactly two upgrades matter.,C096,psu-sizing,3.6,https://www.corsair.com/ww/en/p/psu/cp-9020170-na/vs-series-vs450-450-watt-80-plus-white-certified-psu-cp-9020170-na ; https://help.corsair.com/hc/en-us/articles/14641912717453-PSU-Efficiency-Ratings-Explained
B198,122,122,rewrite,GPU and added drives increase load; quantify components rather than assume exactly two upgrades matter.,C096,psu-sizing,3.6,https://www.corsair.com/ww/en/p/psu/cp-9020170-na/vs-series-vs450-450-watt-80-plus-white-certified-psu-cp-9020170-na ; https://help.corsair.com/hc/en-us/articles/14641912717453-PSU-Efficiency-Ratings-Explained
B119,96,97,remove,High ambient temperature may matter but blank patches also indicate dirty/failed elements; key not established.,,thermal-heat,,https://assets.ctfassets.net/82ripq7fjls2/1oSdlyujpaX3GrM0rir6Ge/91afb2be72785281e8fb4c0d9a70c6f4/CompTIA-A-220-1201-Exam-Objectives-3.0.pdf
B120,97,97,merge,Provider-managed business applications fit SaaS; file storage offerings vary.,C176,saas,4.2,https://azure.microsoft.com/en-us/resources/cloud-computing-dictionary/what-are-iaas-paas-and-saas
B121,97,97,merge,Use compatible direct-thermal paper and correct orientation.,C154,thermal-paper,3.8,https://prod-www.zebra.com/us/en/resource-library/faq/difference-between-direct-thermal-and-thermal-transfer-printing.html
B122,97,98,rewrite,Other hot-swappable parts do not imply hot-swappable RAM; power off unless RAM hot-add/replacement explicitly supported.,C093,ram-service,5.1,https://www.dell.com/support/kbdoc/en-ca/000126068/how-to-diagnose-and-resolve-common-memory-issues-on-a-dell-desktop-pc
B123,98,98,keep,Filtering resolver can block lookup of flagged domains; not complete traffic protection.,C021,dns-filter,2.3,https://www.cloudflare.com/learning/cdn/glossary/reverse-proxy/ ; https://www.cloudflare.com/learning/access-management/what-is-dns-filtering/
B124,98,98,rewrite,New TPM cannot recreate old sealed keys; authorized recovery key and vendor recovery procedure are needed.,C106,tpm-recovery,"3.5, 4.1",https://learn.microsoft.com/en-us/windows/security/hardware-security/tpm/trusted-platform-module-overview ; https://learn.microsoft.com/en-us/windows/security/operating-system-security/data-protection/bitlocker/recovery-overview
B125,98,99,keep,"802.3at PoE+ provides up to 30 W at source, about 25.5 W at powered device.",C035,poe-plus,2.5,https://www.cisco.com/c/en/us/td/docs/switches/lan/catalyst1000/hardware/installation/24_48_port_hig/b_c1000_24_48_hig/product_overview.html
B126,99,99,merge,"Match wattage, connectors and actual sustained/transient load.",C096,psu-sizing,3.6,https://www.corsair.com/ww/en/p/psu/cp-9020170-na/vs-series-vs450-450-watt-80-plus-white-certified-psu-cp-9020170-na ; https://help.corsair.com/hc/en-us/articles/14641912717453-PSU-Efficiency-Ratings-Explained
B127,99,99,rewrite,"Bulging/leaking capacitors indicate damage; visually inspect safely, never open PSU.",C097,capacitors,"3.6, 5.1",https://www.dell.com/support/manuals/en-in/latitude-5420-laptop/5420_sp14_sm/safety-precautions?guid=guid-30eeebf7-b61e-422e-bf3e-75335ec500e3&lang=en-us
B128,100,100,keep,Analog cable/pin faults can lose color channel; test known-good cable and display.,C133,video-color,"5.3, 5.4",https://www.dell.com/support/kbdoc/en-tw/000132110/how-to-troubleshoot-a-dell-desktop-monitor?lang=en ; https://dl.dell.com/topicspdf/latitude-14-5420-laptop_owners-manual_en-us.pdf
B129,100,100,keep,Use supported minimal RAM configuration and isolate module/slot per manual.,C093,ram-test,5.1,https://www.dell.com/support/kbdoc/en-ca/000126068/how-to-diagnose-and-resolve-common-memory-issues-on-a-dell-desktop-pc
B130,100,101,merge,"Verify dock's charging, network and multiple-display compatibility.",C146,dock,"1.2, 5.4",https://www.dell.com/support/kbdoc/en-us/000124295/guide-to-dell-docking-stations
B131,101,101,rewrite,Cat 6 can support 10GBASE-T for limited runs up to about 180 ft under suitable conditions; Cat 6A supports 328 ft.,C029,cat6-10g,3.2,https://jp.flukenetworks.com/knowledge-base/dtx-cableanalyzer/release-notes-version-278-dtx-cableanalyzer
B132,101,101,remove,No standard alone guarantees greatest range; throughput depends on channel width/streams/environment.,,wifi-range,,https://assets.ctfassets.net/82ripq7fjls2/1oSdlyujpaX3GrM0rir6Ge/91afb2be72785281e8fb4c0d9a70c6f4/CompTIA-A-220-1201-Exam-Objectives-3.0.pdf
B133,101,101,merge,Faint LCD image points to illumination path; inverter only for CCFL designs.,C134,backlight,"3.1, 5.3",https://www.dell.com/support/kbdoc/en-us/000134946/how-to-troubleshoot-display-or-video-issues-on-dell-laptop-lcd-panel
B134,101,102,keep,Many laptops use Fn plus marked media key; layout and Fn-lock vary.,C148,fn-keys,"1.1, 5.4",https://support.microsoft.com/en-US/Windows/Hardware/input-devices/mouse-and-keyboard-problems-in-windows
B135,102,102,remove,Rote troubleshooting-method sequence excluded from current tested objectives.,,methodology,,https://assets.ctfassets.net/82ripq7fjls2/1oSdlyujpaX3GrM0rir6Ge/91afb2be72785281e8fb4c0d9a70c6f4/CompTIA-A-220-1201-Exam-Objectives-3.0.pdf
B136,102,102,rewrite,SPF identifies authorized envelope senders; DMARC alignment with SPF/DKIM addresses visible-domain spoofing.,C013,spf,2.4,https://www.rfc-editor.org/rfc/rfc7208
B137,102,103,merge,Logical network segmentation on managed switches.,C016,vlan,2.4,https://www.cisco.com/c/en/us/td/docs/switches/lan/catalyst6500/ios/12-2SX/configuration/guide/book/vlans.html
B138,103,103,rewrite,ESD strap alone is insufficient; disconnect all power sources before non-hot-swap RAM service.,C093,ram-service,5.1,https://www.dell.com/support/kbdoc/en-ca/000126068/how-to-diagnose-and-resolve-common-memory-issues-on-a-dell-desktop-pc
B147,106,106,rewrite,ESD strap alone is insufficient; disconnect all power sources before non-hot-swap RAM service.,C093,ram-service,5.1,https://www.dell.com/support/kbdoc/en-ca/000126068/how-to-diagnose-and-resolve-common-memory-issues-on-a-dell-desktop-pc
B139,103,103,rewrite,Paging uses storage to extend virtual memory; does not add physical RAM and may be slow.,C087,virtual-memory,"3.3, 5.1",https://learn.microsoft.com/en-us/troubleshoot/windows-client/performance/introduction-to-the-page-file
B141,104,104,rewrite,"NVMe commonly uses PCIe; M.2 is one form factor, not mandatory for every NVMe drive.",C114,nvme,"3.2, 3.4",https://www.kingston.com/en/ssd/ssd-faq ; https://www.kingston.com/en/ssd/ssd-faq
B142,104,104,remove,Clearing TPM can destroy access to protected keys; no supported universal first action given.,,fingerprint-reset,,https://assets.ctfassets.net/82ripq7fjls2/1oSdlyujpaX3GrM0rir6Ge/91afb2be72785281e8fb4c0d9a70c6f4/CompTIA-A-220-1201-Exam-Objectives-3.0.pdf
B143,104,105,remove,Legacy 3D printer maintenance scope; hot-end safety/process varies by model.,,3d-printer,,https://assets.ctfassets.net/82ripq7fjls2/1oSdlyujpaX3GrM0rir6Ge/91afb2be72785281e8fb4c0d9a70c6f4/CompTIA-A-220-1201-Exam-Objectives-3.0.pdf
B144,105,105,keep,Inspect obstruction or damage; never force connector or use conductive tools on powered port.,C080,port-obstruction,5.4,https://support.apple.com/en-us/108805
B145,105,105,remove,Unspecified beep cannot uniquely establish front-panel wiring; temperature and power faults also plausible.,,post-shutdown,,https://assets.ctfassets.net/82ripq7fjls2/1oSdlyujpaX3GrM0rir6Ge/91afb2be72785281e8fb4c0d9a70c6f4/CompTIA-A-220-1201-Exam-Objectives-3.0.pdf
B146,105,106,keep,Orientation lock can prevent automatic rotation; check setting before hardware replacement.,C076,rotation-lock,5.4,https://support.apple.com/en-us/102499
B148,106,106,keep,Compatible redundant PSUs tolerate one supply failure within load limits; not all outages.,C098,redundant-psu,3.6,https://www.dell.com/support/kbdoc/en-in/000141313/poweredge-psu-how-to-remove-or-replace-a-power-supply-unit
B149,106,106,merge,Use supported ECC where required; ECC and DDR generation are different properties.,C089,ecc,3.3,https://www.intel.com/content/www/us/en/support/articles/000100193/processors/intel-xeon-processors.html
B150,106,107,keep,Punchdown seats insulated conductors in compatible IDC block/jack.,C026,punchdown,"2.8, 3.2",https://data.kleintools.com/sites/kleintools/files/tool-catalog/82820_TelecomCatalog.pdf
B167,113,113,keep,Punchdown seats insulated conductors in compatible IDC block/jack.,C026,punchdown,"2.8, 3.2",https://data.kleintools.com/sites/kleintools/files/tool-catalog/82820_TelecomCatalog.pdf
B151,107,107,merge,Crimper secures compatible modular plug contacts and strain relief.,C026,crimper,"2.8, 3.2",https://data.kleintools.com/sites/kleintools/files/tool-catalog/82820_TelecomCatalog.pdf
B152,107,107,merge,Measure channel use and signal conditions.,C058,wifi-analyzer,"2.8, 5.5",https://www.cisco.com/c/en/us/support/docs/wireless/wireless-lan-controller-software/220877-troubleshoot-wireless-speed-issues.pdf
B153,107,108,remove,Unspecified displayed error could identify several faults; cannot infer unplugged CPU fan.,,post-beeps,,https://assets.ctfassets.net/82ripq7fjls2/1oSdlyujpaX3GrM0rir6Ge/91afb2be72785281e8fb4c0d9a70c6f4/CompTIA-A-220-1201-Exam-Objectives-3.0.pdf
B154,108,108,rewrite,"Check seating, compatibility, firmware support and slot population; no generic BIOS switch fixes all missing RAM.",C092,ram-detection,"3.3, 5.1",https://www.kingston.com/en/memory
B155,108,109,rewrite,Lower frequency often travels/penetrates better; throughput is not determined by frequency alone.,C053,wifi-frequency,2.2,https://www.cisco.com/c/en/us/td/docs/wireless/controller/9800/technical-reference/wireless-rf-reference-guide.html
B156,109,109,keep,Cloud reserved for organizations with shared requirements or concerns.,C178,community-cloud,4.2,https://nvlpubs.nist.gov/nistpubs/Legacy/SP/nistspecialpublication800-145.pdf
B157,109,109,keep,ARC/eARC returns TV audio over compatible HDMI ports with required settings.,C138,hdmi-arc,3.2,https://www.hdmi.org/spec/hdmi1_4b
B158,109,110,remove,Core 2 operational change-management scope.,,change-control,,https://assets.ctfassets.net/82ripq7fjls2/1oSdlyujpaX3GrM0rir6Ge/91afb2be72785281e8fb4c0d9a70c6f4/CompTIA-A-220-1201-Exam-Objectives-3.0.pdf
B159,110,110,rewrite,"NVMe SSD is not HDD; ask about compatible SSD performance, not mislabeled spinning disk.",C114,nvme,"3.2, 3.4",https://www.kingston.com/en/ssd/ssd-faq ; https://www.kingston.com/en/ssd/ssd-faq
B160,110,110,merge,Same compatible PCIe/NVMe performance concept.,C114,nvme,"3.2, 3.4",https://www.kingston.com/en/ssd/ssd-faq ; https://www.kingston.com/en/ssd/ssd-faq
B161,110,111,keep,Lines only on copies/scans point toward scanner glass/ADF path; clean before replacing scratched part.,C158,scanner-glass,5.6,https://support.hp.com/us-en/document/ish_2056394-2056383-16
B162,111,111,rewrite,"Specify digital DVI monitor input and HDMI computer output; adapter supports compatible digital video, not VGA conversion.",C140,dvi-hdmi,3.2,https://www.dell.com/support/kbdoc/en-us/000132029/a-guide-to-the-external-ports-and-connectors-on-a-dell-computer
B163,111,111,rewrite,Only an on-site reachable service may survive WAN loss; private cloud can also be hosted off-site.,C177,private-cloud,4.2,https://nvlpubs.nist.gov/nistpubs/Legacy/SP/nistspecialpublication800-145.pdf
B164,111,112,keep,Plan limit can block or throttle cellular data; verify usage and carrier policy.,C072,data-cap,"1.3, 5.4",https://support.microsoft.com/en-us/windows/metered-connections-in-windows-7b33928f-a144-b265-97b6-f2e95a87c408
B165,112,112,remove,Rote documentation sequence not current tested objective.,,methodology,,https://assets.ctfassets.net/82ripq7fjls2/1oSdlyujpaX3GrM0rir6Ge/91afb2be72785281e8fb4c0d9a70c6f4/CompTIA-A-220-1201-Exam-Objectives-3.0.pdf
B166,112,112,rewrite,TPM protects keys and supports measured boot/PIN-gated key use; avoid saying it simply stores login PIN.,C106,tpm,"3.5, 4.1",https://learn.microsoft.com/en-us/windows/security/hardware-security/tpm/trusted-platform-module-overview ; https://learn.microsoft.com/en-us/windows/security/operating-system-security/data-protection/bitlocker/recovery-overview
B168,113,113,merge,Map signals and inspect interfering 2.4 GHz devices.,C056,wifi-interference,"2.2, 5.5",https://www.cisco.com/c/en/us/td/docs/wireless/controller/9800/technical-reference/wireless-rf-reference-guide.html
B169,113,113,keep,Thunderbolt 3 uses USB-C connector; USB-C shape does not guarantee Thunderbolt support.,C144,thunderbolt-usbc,3.2,https://www.intel.com/content/www/us/en/architecture-and-technology/thunderbolt/overview.html
B170,113,114,rewrite,Check disable shortcut/settings and device status before reinstalling driver.,C149,touchpad,"1.1, 5.4",https://support.microsoft.com/en-US/Windows/Hardware/input-devices/mouse-and-keyboard-problems-in-windows
B171,114,114,merge,Distributes traffic across backend nodes according to health and algorithm.,C018,load-balancer,2.3,https://aws.amazon.com/what-is/load-balancing/
B172,114,114,keep,Bridged adapter makes guest participate on physical LAN; application binding/firewall must permit access.,C185,bridged-vm,4.1,https://docs.oracle.com/en/virtualization/virtualbox/7.1/user/networkingdetails.html
B173,115,115,rewrite,Cellular service needs active SIM/eSIM provisioning and coverage; Wi-Fi success alone does not prove missing physical SIM.,C069,sim,1.3,https://support.apple.com/en-us/118669
B174,115,115,remove,Rote next-theory step outside current tested methodology scope.,,methodology,,https://assets.ctfassets.net/82ripq7fjls2/1oSdlyujpaX3GrM0rir6Ge/91afb2be72785281e8fb4c0d9a70c6f4/CompTIA-A-220-1201-Exam-Objectives-3.0.pdf
B175,115,116,keep,Proxy mediates traffic; request authorized exception instead of bypassing policy.,C021,proxy,2.3,https://www.cloudflare.com/learning/cdn/glossary/reverse-proxy/ ; https://www.cloudflare.com/learning/access-management/what-is-dns-filtering/
B176,116,116,remove,Dark blot may result from pressure/internal panel damage as well as liquid; cause not uniquely established.,,display-spot,,https://assets.ctfassets.net/82ripq7fjls2/1oSdlyujpaX3GrM0rir6Ge/91afb2be72785281e8fb4c0d9a70c6f4/CompTIA-A-220-1201-Exam-Objectives-3.0.pdf
B177,116,116,merge,Switch learns MAC-to-port entries for forwarding.,C015,switch-forward,"2.5, 2.4",https://www.cisco.com/c/en/us/solutions/small-business/resource-center/networking/networking-basics.html
B178,116,116,keep,Typical separate cable modem connects to router WAN Ethernet port; coax is access-provider side.,C014,modem-router,2.5,https://www.cisco.com/c/en/us/solutions/small-business/resource-center/networking/networking-basics.html
B179,116,116,keep,"LTE means Long-Term Evolution, a cellular radio technology family.",C069,lte,1.3,https://support.apple.com/en-us/118669
B180,116,117,rewrite,Use supported WPA2-AES/WPA3 and strong credentials; MAC filtering is spoofable and not sufficient protection.,C059,wifi-security,"2.6, 5.5",https://support.apple.com/en-us/102766
B181,117,117,merge,Use supported resolution/scaling for external screen.,C136,display-resolution,"3.1, 5.3",https://support.microsoft.com/en-us/windows/change-your-screen-resolution-and-layout-in-windows-5effefe3-2eac-e306-0b5d-2073b765876b
B182,117,117,rewrite,"Hotspot throttling is possible, but radio coverage/congestion also affect performance; verify plan metrics.",C072,data-cap,"1.3, 5.4",https://support.microsoft.com/en-us/windows/metered-connections-in-windows-7b33928f-a144-b265-97b6-f2e95a87c408
B184,117,118,merge,USB-C connector is reversible.,C143,usb-c,3.2,https://www.usb.org/sites/default/files/usb_type-c_language_product_and_packaging_guidelines_20230320.pdf ; https://www.usb.org/usb-32-0
B185,118,118,rewrite,Battery or charging circuitry can cause symptoms; diagnostic evidence needed before replacement.,C078,battery-charging,5.4,https://support.apple.com/en-us/101575
B186,118,118,remove,Generic dock may depend on disabled USB; specify supported non-USB docking/video path first.,,dock,,https://assets.ctfassets.net/82ripq7fjls2/1oSdlyujpaX3GrM0rir6Ge/91afb2be72785281e8fb4c0d9a70c6f4/CompTIA-A-220-1201-Exam-Objectives-3.0.pdf
B187,118,119,rewrite,Memory-change warning may be expected after upgrade or indicate detection issue; not proof of failed RAM.,C092,ram-detection,"3.3, 5.1",https://www.kingston.com/en/memory
B188,119,119,keep,Low free storage can prevent app installation and degrade operation; inspect storage first.,C085,phone-storage,5.4,https://support.apple.com/en-us/108429
B189,119,119,keep,Damaged/wrinkled media and misfeeds can jam printer; load supported fresh paper and guides correctly.,C161,paper-feed,"3.8, 5.6",https://download.brother.com/welcome/doc002441/hl5380dn_ukeng_usr_b.pdf
B190,119,120,rewrite,TPM supports some encryption deployments but not all disk encryption requires TPM.,C106,tpm,"3.5, 4.1",https://learn.microsoft.com/en-us/windows/security/hardware-security/tpm/trusted-platform-module-overview ; https://learn.microsoft.com/en-us/windows/security/operating-system-security/data-protection/bitlocker/recovery-overview
B191,120,120,keep,802.11b and g use 2.4 GHz.,C053,wifi-bg,2.2,https://www.cisco.com/c/en/us/td/docs/wireless/controller/9800/technical-reference/wireless-rf-reference-guide.html
B192,120,120,merge,Private cloud serves one organization exclusively; isolation depends on implementation.,C177,private-cloud,4.2,https://nvlpubs.nist.gov/nistpubs/Legacy/SP/nistspecialpublication800-145.pdf
B193,120,121,merge,Telnet provides unencrypted remote terminal service.,C045,telnet,2.1,https://www.iana.org/assignments/service-names-port-numbers/service-names-port-numbers.xhtml ; https://www.rfc-editor.org/rfc/rfc4251 ; https://www.rfc-editor.org/rfc/rfc8314
B194,121,121,keep,Swelling can deform chassis; stop use/charging and follow safe service procedure.,C079,battery-swelling,5.4,https://www.dell.com/support/kbdoc/en-us/000128491/swollen-battery-information-and-guidance
B195,121,121,keep,MX is DNS mail-exchanger record naming destination mail servers.,C011,dns-mx,"2.3, 2.4",https://learn.microsoft.com/en-us/windows-server/networking/dns/dns-overview ; https://learn.microsoft.com/en-us/windows-server/networking/dns/dns-architecture
B196,121,122,remove,Camera angle/crop/zoom could all explain partial face; level surface is not established.,,webcam-frame,,https://assets.ctfassets.net/82ripq7fjls2/1oSdlyujpaX3GrM0rir6Ge/91afb2be72785281e8fb4c0d9a70c6f4/CompTIA-A-220-1201-Exam-Objectives-3.0.pdf
B197,122,122,rewrite,"RAID 10 can survive some multiple-drive failures, not any two; RAID 6 guarantees tolerance of any two member failures.",C123,raid10,3.4,https://www.intel.com/content/www/us/en/support/articles/000005867/technologies.html
B199,122,123,keep,SSDs lack moving mechanical parts and resist operational shock better; verify compatible NVMe support.,C112,ssd-shock,3.4,https://www.kingston.com/en/ssd/desktop-laptop-workstations
B200,123,123,keep,"Match tray media and driver job size; legal is 8.5 x 14 inches, letter 8.5 x 11 inches.",C163,paper-size,"3.7, 5.6",https://h10032.www1.hp.com/ctg/Manual/c05786470.pdf
C001,124,124,keep,Testing against an authorized known-good hotspot helps distinguish laptop radio from original network issue.,C060,wifi-isolate,5.5,https://www.cisco.com/c/en/us/support/docs/wireless/wireless-lan-controller-software/220877-troubleshoot-wireless-speed-issues.pdf
C002,124,124,rewrite,"OLED is self-emissive with deep blacks; power advantage depends on content/brightness, so original blanket claim is false.",C135,oled,"3.1, 5.3",https://support.apple.com/en-us/109039
C003,124,125,rewrite,Check imaging/fusing path per model; replacing toner does not uniquely prove fuser fault.,C157,laser-lines,5.6,https://support.hp.com/ca-en/document/ish_6747730-6747774-16
C004,125,125,keep,Striping uses combined capacity without redundancy; losing a member loses the array.,C121,raid0,3.4,https://www.dell.com/support/kbdoc/en-us/000128635/dell-servers-what-are-the-raid-levels-and-their-specifications
C005,125,125,merge,Clicking HDD plus slowdown suggests failure; preserve data before replacement.,C111,failing-drive,5.2,https://www.seagate.com/support/kb/my-system-reported-a-smart-error-on-the-drive-184619en/
C006,125,126,rewrite,"Identify/replace failed member and rebuild per controller instructions, after checking recoverability.",C126,raid-rebuild,5.2,https://downloads.dell.com/topicspdf/poweredge-rc-h740p_Users-Guide_en-us.pdf
C007,126,126,merge,Authorized personal hotspot avoids incompatible captive-portal browser workflow where service/policy permits.,C068,hotspot,1.3,https://support.apple.com/en-us/111785
C008,126,126,merge,Contactless payment uses NFC on supported devices.,C065,nfc,"1.2, 2.2",https://nfc-forum.org/learn/nfc-technology/
C009,126,127,merge,Contactless payment uses NFC on supported devices.,C065,nfc,"1.2, 2.2",https://nfc-forum.org/learn/nfc-technology/
C010,127,127,merge,Check cooling/filter and temperature; cool safely before service.,C142,projector-heat,5.3,https://download.epson.com.sg/manuals/Projector%20Safety%20Instruction_Safety_412792200EN.pdf
C011,127,127,keep,Obtain model/OS-compatible drivers from manufacturer or trusted OS update service.,C131,vendor-driver,5.1,https://support.microsoft.com/en-us/windows/update-drivers-through-device-manager-in-windows-ec62f46c-ff14-c91d-eead-d7126dc1f7b6
C012,127,128,merge,Balance requests across healthy backend web servers.,C018,load-balancer,2.3,https://aws.amazon.com/what-is/load-balancing/
C013,128,128,keep,Move compatible clients to 5 GHz to avoid 2.4 GHz microwave interference; check coverage.,C056,wifi-microwave,"2.2, 5.5",https://www.cisco.com/c/en/us/td/docs/wireless/controller/9800/technical-reference/wireless-rf-reference-guide.html
C014,128,128,keep,Job/tray media mismatch can require manual confirmation; read display message and align settings.,C163,paper-type,"3.7, 5.6",https://h10032.www1.hp.com/ctg/Manual/c05786470.pdf
C015,128,129,merge,APIPA usually indicates unavailable DHCP on automatic IPv4 configuration.,C001,apipa,"2.6, 5.5",https://www.rfc-editor.org/rfc/rfc3927
C016,129,129,rewrite,Check temperatures/cooling; varying fan speed is not by itself a failed fan.,C103,overheating,"3.5, 5.1",https://www.dell.com/support/kbdoc/en-us/000130867/how-to-troubleshoot-a-overheating-shutdown-or-thermal-issue-on-a-dell-pc ; https://www.intel.com/content/www/us/en/gaming/resources/how-to-apply-thermal-paste.html
C017,129,129,merge,Gateway is required only for off-subnet access; not every printer must have one.,C003,printer-ip,"2.4, 3.7",https://learn.microsoft.com/en-us/windows-server/networking/technologies/dhcp/dhcp-scopes
C018,129,130,keep,Exhibit explicitly labels Router 172.25.1.252; that is the default gateway.,C006,gateway,"2.6, 5.5",https://learn.microsoft.com/en-us/troubleshoot/windows-client/networking/tcpip-addressing-and-subnetting
C019,130,130,rewrite,IP reachability with hostname failure suggests DNS; ping alone does not prove web service availability.,C012,dns-test,5.5,https://learn.microsoft.com/en-us/troubleshoot/windows-client/networking/troubleshoot-dns-client-resolution-issues
C020,130,131,keep,"Shared VM datastore may reside on SAN; storage is full, not the network itself.",C039,san,2.7,https://www.cisco.com/c/en/us/solutions/small-business/resource-center/networking/networking-basics.html ; https://www.ibm.com/think/topics/block-storage
C021,131,131,rewrite,Inspect main ATX and CPU power connectors; generic peripheral Molex does not identify board power.,C100,motherboard-power,"3.5, 3.6",https://help.corsair.com/hc/en-us/articles/10700487373197-PSU-How-to-Avoid-Current-Overload-Connector-Issues
C022,131,131,merge,Screen service may disturb antenna leads routed around lid.,C061,wifi-antenna,"1.1, 5.4",https://dl.dell.com/topicspdf/latitude-14-5420-laptop_owners-manual_en-us.pdf
C023,131,132,rewrite,Many serviceable laptops use SODIMM; others use soldered memory or other supported formats.,C090,sodimm,3.3,https://www.kingston.com/en/memory
C024,132,132,merge,"Verify total GPU/CPU load, form factor and connectors; no fixed 1200 W rule.",C096,psu-sizing,3.6,https://www.corsair.com/ww/en/p/psu/cp-9020170-na/vs-series-vs450-450-watt-80-plus-white-certified-psu-cp-9020170-na ; https://help.corsair.com/hc/en-us/articles/14641912717453-PSU-Efficiency-Ratings-Explained
C025,132,132,rewrite,Patch panel terminates structured cabling in wiring closet; wall jacks terminate opposite ends.,C026,patch-panel,"2.8, 3.2",https://data.kleintools.com/sites/kleintools/files/tool-catalog/82820_TelecomCatalog.pdf
C026,132,133,keep,Redundant instances/dependencies and failover reduce single points of failure; cloud location alone is not HA.,C180,availability,4.2,https://learn.microsoft.com/en-us/azure/reliability/concept-business-continuity-high-availability-disaster-recovery
C027,133,133,merge,Shared industry requirements can fit community cloud.,C178,community-cloud,4.2,https://nvlpubs.nist.gov/nistpubs/Legacy/SP/nistspecialpublication800-145.pdf
C028,133,134,keep,Scan-to-SMB writes to authorized network file share; configure credentials/permissions securely.,C047,scan-smb,"2.1, 3.7",https://learn.microsoft.com/en-us/windows-server/storage/file-server/file-server-smb-overview
C029,134,134,keep,Stateful firewall tracks connection state when applying traffic policy.,C019,stateful-firewall,"2.5, 5.5",https://nvlpubs.nist.gov/nistpubs/Legacy/SP/nistspecialpublication800-41r1.pdf
C030,134,134,keep,Outdoor links must meet local band/channel/transmit-power rules and antenna limits.,C057,wifi-regulations,2.2,https://www.cisco.com/c/en/us/td/docs/wireless/controller/9800/technical-reference/wireless-rf-reference-guide.html
C031,134,135,rewrite,Multiple peripherals failing through same hub suggests shared path; verify power/cable before replacing.,C145,usb-hub,"1.2, 5.1",https://www.usb.org/usb-charger-pd
C032,135,135,merge,HDMI carries compatible digital video and audio.,C137,hdmi-audio,"3.2, 5.3",https://www.hdmi.org/spec/hdmi1_4b ; https://support.microsoft.com/en-us/windows/fix-sound-or-audio-problems-in-windows-73025246-b61c-40fb-671a-2535c7cd56c8
C033,135,135,keep,"Verify selected microphone, mute, permissions and input level before replacing hardware.",C151,microphone,5.4,https://support.microsoft.com/en-us/windows/fix-sound-or-audio-problems-in-windows-73025246-b61c-40fb-671a-2535c7cd56c8
C034,135,136,merge,Printer is common reservation use case; reservations may also serve other clients.,C003,dhcp-reservation,"2.4, 3.7",https://learn.microsoft.com/en-us/windows-server/networking/technologies/dhcp/dhcp-scopes
C035,136,136,rewrite,Access point bridges wireless clients to LAN; media converter primarily changes medium and is not a universal bridge answer.,C017,access-point,2.5,https://www.cisco.com/c/en/us/solutions/small-business/resource-center/networking/networking-basics.html
C036,136,136,merge,Keep test guests appropriately isolated from production.,C186,sandbox,4.1,https://learn.microsoft.com/en-us/windows/security/application-security/application-isolation/windows-sandbox/windows-sandbox-configure-using-wsb-file
C037,136,137,rewrite,Poor heatsink contact/paste can overheat CPU; verify temperatures rather than assume sole cause.,C103,thermal-paste,"3.5, 5.1",https://www.dell.com/support/kbdoc/en-us/000130867/how-to-troubleshoot-a-overheating-shutdown-or-thermal-issue-on-a-dell-pc ; https://www.intel.com/content/www/us/en/gaming/resources/how-to-apply-thermal-paste.html
C038,137,137,merge,Tap copies traffic to monitoring tool rather than routing normal traffic to analyzer.,C023,network-tap,2.8,https://www.garlandtechnology.com/network-tap
C039,137,137,merge,"Copy-only line points toward scan path; dirt is also common, not only scratch.",C158,scanner-glass,5.6,https://support.hp.com/us-en/document/ish_2056394-2056383-16
C040,137,138,keep,Check vendor hardware requirements and diagnostic logs for workload-triggered faults.,C130,app-requirements,"3.5, 5.1",https://www.intel.com/content/www/us/en/gaming/resources/what-is-bottlenecking-my-pc.html ; https://www.intel.com/content/www/us/en/products/docs/processors/cpu-vs-gpu.html
C041,138,138,merge,"After relocation verify power, input source, signal cables and source output.",C132,video-cable,"3.1, 5.3",https://www.dell.com/support/kbdoc/en-tw/000132110/how-to-troubleshoot-a-dell-desktop-monitor?lang=en
C042,138,138,keep,Host-only normally connects host and guests without outside access; other adapters/routing can bypass isolation.,C185,host-only,4.1,https://docs.oracle.com/en/virtualization/virtualbox/7.1/user/networkingdetails.html
C043,138,139,rewrite,Plain USB-C cable does not convert RS-232; active compatible USB-to-serial adapter is needed.,C038,usb-serial,"3.2, 2.8",https://www.cisco.com/c/en/us/support/docs/routers/7000-series-routers/12223-14.html
C044,139,139,merge,Compatible guest OS can preserve legacy application environment; licensing/security still apply.,C187,legacy-vm,4.1,https://learn.microsoft.com/en-us/windows-server/virtualization/hyper-v/overview ; https://docs.oracle.com/en/virtualization/virtualbox/7.1/user/Introduction.html
C045,139,140,keep,"Backup, clone with compatible tool, replace drive and verify boot/data; preserve original until validated.",C118,ssd-migration,3.4,https://www.kingston.com/en/blog/personal-storage/use-your-old-ssd-as-external-storage
C046,140,140,merge,Wrong page-description-language/driver can print gibberish.,C164,printer-driver,"3.7, 5.6",https://support.hp.com/ca-en/document/c03265802
C047,140,140,rewrite,Known-good mains path points toward PSU/internal power path; test safely before replacement.,C095,no-power,5.1,https://www.dell.com/support/kbdoc/en-us/000125609/resolve-no-power-no-post-no-boot-or-no-video-issues-with-your-dell-computer
C048,140,141,merge,Trace and label unlabeled copper cable with compatible toner/probe.,C024,tone-probe,2.8,https://www.flukenetworks.com/datacom-cabling/copper-testing/IntelliTone-Pro-Toner-and-Probe
C049,141,141,rewrite,Enable supported location permissions/accuracy features and clear sky view; setting names vary by OS.,C070,gps,1.3,https://www.gps.gov/space-segment
C050,141,141,remove,Eight slots do not prove channel topology; motherboard/CPU support absent.,,memory-channels,,https://assets.ctfassets.net/82ripq7fjls2/1oSdlyujpaX3GrM0rir6Ge/91afb2be72785281e8fb4c0d9a70c6f4/CompTIA-A-220-1201-Exam-Objectives-3.0.pdf
C051,141,142,merge,MX record is stored in DNS zone.,C011,dns-mx,"2.3, 2.4",https://learn.microsoft.com/en-us/windows-server/networking/dns/dns-overview ; https://learn.microsoft.com/en-us/windows-server/networking/dns/dns-architecture
C052,142,142,keep,Check supported CPU virtualization enabled in UEFI/BIOS; VT-x/AMD-V differs from multithreading.,C184,virtualization-enable,"4.1, 3.5",https://learn.microsoft.com/en-us/windows-server/virtualization/hyper-v/host-hardware-requirements
C053,142,142,merge,ADF handles multi-page originals; verify capacity and duplex scanning support.,C159,adf,3.7,https://support.hp.com/us-en/document/ish_2056394-2056383-16
C054,142,143,keep,Compatible cellular modem with service/coverage can connect laptop away from Wi-Fi.,C068,cellular-adapter,1.3,https://support.apple.com/en-us/111785
C055,143,143,merge,"Disconnect safely, let fuser cool, then follow service procedure.",C156,fuser-safety,3.8,https://h10032.www1.hp.com/ctg/Manual/c05786470.pdf
C056,143,143,keep,Adjust guest allocation in hypervisor within host capacity; dynamic/hot-add support varies.,C183,vm-memory,4.1,https://learn.microsoft.com/en-us/windows-server/virtualization/hyper-v/host-hardware-requirements
C057,143,144,merge,Measure usage and bill under actual service terms.,C179,metered,4.2,https://nvlpubs.nist.gov/nistpubs/Legacy/SP/nistspecialpublication800-145.pdf
C058,144,144,keep,Sharing infrastructure can reduce cost; does not inherently improve security or guarantee availability.,C179,multitenancy,4.2,https://nvlpubs.nist.gov/nistpubs/Legacy/SP/nistspecialpublication800-145.pdf
C059,144,144,merge,Calibrate only where supported; investigate hardware/driver if inaccurate touch persists.,C074,touch-calibration,"1.1, 5.4",https://www.dell.com/support/kbdoc/en-us/000132121/how-to-troubleshoot-touchscreen-touch-panel-issues
C060,144,145,merge,Provision/release resources with changing load.,C179,elasticity,4.2,https://nvlpubs.nist.gov/nistpubs/Legacy/SP/nistspecialpublication800-145.pdf
C061,145,145,remove,Rote methodology step order not tested under current objectives.,,methodology,,https://assets.ctfassets.net/82ripq7fjls2/1oSdlyujpaX3GrM0rir6Ge/91afb2be72785281e8fb4c0d9a70c6f4/CompTIA-A-220-1201-Exam-Objectives-3.0.pdf
C062,145,145,keep,"Crimper assembles compatible plugs; tester verifies wiring/connectivity, not necessarily full cable certification.",C025,cable-tester,"2.8, 5.5",https://www.flukenetworks.com/blog/cabling-chronicles/wire-map-testing-it-s-not-all-about-color
C063,145,146,merge,Swollen battery may push up keyboard/trackpad; stop charging and inspect safely.,C079,battery-swelling,5.4,https://www.dell.com/support/kbdoc/en-us/000128491/swollen-battery-information-and-guidance
C064,146,146,remove,Windows 7-to-10 installation scenario is obsolete and Core 2; do not retain as current upgrade advice.,,old-os-install,,https://assets.ctfassets.net/82ripq7fjls2/1oSdlyujpaX3GrM0rir6Ge/91afb2be72785281e8fb4c0d9a70c6f4/CompTIA-A-220-1201-Exam-Objectives-3.0.pdf
C065,146,147,remove,Legacy CDMA PRL update is no longer a listed mobile configuration topic; roaming depends on carrier/device/plan.,,prl,,https://assets.ctfassets.net/82ripq7fjls2/1oSdlyujpaX3GrM0rir6Ge/91afb2be72785281e8fb4c0d9a70c6f4/CompTIA-A-220-1201-Exam-Objectives-3.0.pdf
C066,147,147,remove,USB 2.0 can carry many HD 30 fps compressed streams; resolution/encoding/workload missing.,,webcam-bandwidth,,https://assets.ctfassets.net/82ripq7fjls2/1oSdlyujpaX3GrM0rir6Ge/91afb2be72785281e8fb4c0d9a70c6f4/CompTIA-A-220-1201-Exam-Objectives-3.0.pdf
C067,147,147,merge,Client hypervisor supports compatible test environments on one host.,C187,vm-testing,4.1,https://learn.microsoft.com/en-us/windows-server/virtualization/hyper-v/overview ; https://docs.oracle.com/en/virtualization/virtualbox/7.1/user/Introduction.html
C068,147,148,remove,Core 2 malware handling and rote step order.,,malware-method,,https://assets.ctfassets.net/82ripq7fjls2/1oSdlyujpaX3GrM0rir6Ge/91afb2be72785281e8fb4c0d9a70c6f4/CompTIA-A-220-1201-Exam-Objectives-3.0.pdf
C069,148,148,keep,Service offered for general consumer use is public cloud; data access remains controlled.,C177,public-cloud,4.2,https://nvlpubs.nist.gov/nistpubs/Legacy/SP/nistspecialpublication800-145.pdf
C070,148,148,rewrite,802.11ax supports efficient modern Wi-Fi operation; reception/range is not guaranteed by standard alone.,C054,wifi-ax,2.2,https://www.cisco.com/c/en/us/support/docs/wireless/catalyst-9166-series-access-points/220526-configure-and-verify-wi-fi-6e-band-opera.html ; https://www.cisco.com/c/en/us/td/docs/wireless/controller/9800/technical-reference/wireless-rf-reference-guide.html
C071,148,149,keep,Disabled audio device must be enabled if authorized; confirm selected output and driver state.,C131,disabled-device,5.1,https://support.microsoft.com/en-us/windows/update-drivers-through-device-manager-in-windows-ec62f46c-ff14-c91d-eead-d7126dc1f7b6
C072,149,149,merge,Check enabled Bluetooth and correct pairing/profile.,C064,bluetooth-pair,"1.2, 1.3",https://support.microsoft.com/en-us/windows/pair-a-bluetooth-device-in-windows-2be7b51f-6ae9-b757-a3b9-95ee40c3e242
C073,149,149,merge,Check TPM support/settings for deployment that requires TPM-backed BitLocker; encryption implementation differs.,C106,tpm,"3.5, 4.1",https://learn.microsoft.com/en-us/windows/security/hardware-security/tpm/trusted-platform-module-overview ; https://learn.microsoft.com/en-us/windows/security/operating-system-security/data-protection/bitlocker/recovery-overview
C074,149,150,remove,Core 2 ticketing/operational procedure and rote methodology focus.,,documentation,,https://assets.ctfassets.net/82ripq7fjls2/1oSdlyujpaX3GrM0rir6Ge/91afb2be72785281e8fb4c0d9a70c6f4/CompTIA-A-220-1201-Exam-Objectives-3.0.pdf
C075,150,150,rewrite,Liquid cooling can help some thermal/noise goals but pumps/fans make noise; choose measured capacity and airflow.,C103,cooling,"3.5, 5.1",https://www.dell.com/support/kbdoc/en-us/000130867/how-to-troubleshoot-a-overheating-shutdown-or-thermal-issue-on-a-dell-pc ; https://www.intel.com/content/www/us/en/gaming/resources/how-to-apply-thermal-paste.html
C076,150,150,rewrite,"Inspect controller status/logs; reboot/downtime only when required; lack of hot-swap concerns replacement, not all monitoring.",C126,raid-health,5.2,https://downloads.dell.com/topicspdf/poweredge-rc-h740p_Users-Guide_en-us.pdf
C077,150,151,keep,"Match SSID, security mode and credentials after gateway/AP replacement.",C059,wifi-credentials,"2.6, 5.5",https://support.apple.com/en-us/102766
C078,151,151,rewrite,"Exhibit says a RAID member is missing. Inspect controller logs, member and connection; supplied explanation describes a different boot error.",C126,raid-health,5.2,https://downloads.dell.com/topicspdf/poweredge-rc-h740p_Users-Guide_en-us.pdf
C079,151,152,merge,Digitizer senses touch location.,C074,digitizer,"1.1, 5.4",https://www.dell.com/support/kbdoc/en-us/000132121/how-to-troubleshoot-touchscreen-touch-panel-issues
C080,152,152,merge,802.11ax supports 2.4/5 GHz; Wi-Fi 6E extends to 6 GHz where allowed.,C054,wifi-ax,2.2,https://www.cisco.com/c/en/us/support/docs/wireless/catalyst-9166-series-access-points/220526-configure-and-verify-wi-fi-6e-band-opera.html ; https://www.cisco.com/c/en/us/td/docs/wireless/controller/9800/technical-reference/wireless-rf-reference-guide.html
C081,152,152,rewrite,RAID 10 is a common performance/redundancy tradeoff; no universal maximum without workload/specification.,C123,raid10,3.4,https://www.intel.com/content/www/us/en/support/articles/000005867/technologies.html
C082,152,152,merge,Compatible Windows and Linux guests may run concurrently on hypervisor.,C164,cross-platform,"3.7, 5.6",https://support.hp.com/ca-en/document/c03265802
C083,152,153,keep,ST is a fiber-optic connector type.,C033,fiber-connectors,3.2,https://www.thefoa.org/tech/ref/testing/test/conntypes.html
C084,153,153,keep,Supported hardware loopback tests transmit/receive path; does not prove whole LAN works.,C037,loopback,2.8,https://www.cisco.com/c/en/us/support/docs/routers/asr-1000-series-aggregation-services-routers/200633-Troubleshooting-interface-down-issues.pdf
C085,153,153,rewrite,Choppy audio often involves packet loss/jitter; steady latency mainly adds conversational delay.,C051,voip-quality,5.5,https://www.cisco.com/c/en/us/support/docs/availability/high-availability/24121-saa.html
C086,153,154,merge,Verify external power path before internal replacement.,C095,no-power,5.1,https://www.dell.com/support/kbdoc/en-us/000125609/resolve-no-power-no-post-no-boot-or-no-video-issues-with-your-dell-computer
C087,154,154,merge,Provider-hosted application configured by customer is SaaS.,C176,saas,4.2,https://azure.microsoft.com/en-us/resources/cloud-computing-dictionary/what-are-iaas-paas-and-saas
C088,154,154,merge,"Check GPU power demand, connectors and PSU capability plus temperatures.",C096,psu-sizing,3.6,https://www.corsair.com/ww/en/p/psu/cp-9020170-na/vs-series-vs450-450-watt-80-plus-white-certified-psu-cp-9020170-na ; https://help.corsair.com/hc/en-us/articles/14641912717453-PSU-Efficiency-Ratings-Explained
C089,154,155,merge,Compatible USB headset carries input/output audio.,C137,usb-audio,"3.2, 5.3",https://www.hdmi.org/spec/hdmi1_4b ; https://support.microsoft.com/en-us/windows/fix-sound-or-audio-problems-in-windows-73025246-b61c-40fb-671a-2535c7cd56c8
C090,155,155,remove,Tap does not directly establish device status and installing it can disrupt link; choices lack clear least-disruptive method.,,device-status,,https://assets.ctfassets.net/82ripq7fjls2/1oSdlyujpaX3GrM0rir6Ge/91afb2be72785281e8fb4c0d9a70c6f4/CompTIA-A-220-1201-Exam-Objectives-3.0.pdf
C091,155,156,merge,Typical cable-modem-to-router connection is Ethernet.,C014,modem-router,2.5,https://www.cisco.com/c/en/us/solutions/small-business/resource-center/networking/networking-basics.html
C092,156,156,rewrite,vTPM supports guest key protection/measured boot; network isolation is also a hardening method so original key is not exclusive.,C106,vtpm,"3.5, 4.1",https://learn.microsoft.com/en-us/windows/security/hardware-security/tpm/trusted-platform-module-overview ; https://learn.microsoft.com/en-us/windows/security/operating-system-security/data-protection/bitlocker/recovery-overview
C093,156,157,merge,"Throttling, loud fans and thermal shutdown support cooling investigation.",C103,overheating,"3.5, 5.1",https://www.dell.com/support/kbdoc/en-us/000130867/how-to-troubleshoot-a-overheating-shutdown-or-thermal-issue-on-a-dell-pc ; https://www.intel.com/content/www/us/en/gaming/resources/how-to-apply-thermal-paste.html
C094,157,158,merge,Firewall can filter unwanted traffic; form factor need not be physical.,C019,firewall,"2.5, 5.5",https://nvlpubs.nist.gov/nistpubs/Legacy/SP/nistspecialpublication800-41r1.pdf
C095,158,158,merge,Resource capacity adjusts to demand.,C179,elasticity,4.2,https://nvlpubs.nist.gov/nistpubs/Legacy/SP/nistspecialpublication800-145.pdf
C096,158,158,remove,No evidence selects patch cable versus driver/configuration; measure link and errors first.,,network-slow,,https://assets.ctfassets.net/82ripq7fjls2/1oSdlyujpaX3GrM0rir6Ge/91afb2be72785281e8fb4c0d9a70c6f4/CompTIA-A-220-1201-Exam-Objectives-3.0.pdf
C097,158,159,merge,Separate customers can share hosting infrastructure with logical isolation.,C179,multitenancy,4.2,https://nvlpubs.nist.gov/nistpubs/Legacy/SP/nistspecialpublication800-145.pdf
C098,159,159,remove,"No symptom detail makes AP location universally first; assess scope, signal, congestion and uplink.",,wifi-slow,,https://assets.ctfassets.net/82ripq7fjls2/1oSdlyujpaX3GrM0rir6Ge/91afb2be72785281e8fb4c0d9a70c6f4/CompTIA-A-220-1201-Exam-Objectives-3.0.pdf
C099,159,160,keep,PoE switch can power many compatible phones; size per-port and total budget.,C035,poe-switch,2.5,https://www.cisco.com/c/en/us/td/docs/switches/lan/catalyst1000/hardware/installation/24_48_port_hig/b_c1000_24_48_hig/product_overview.html
C100,160,160,rewrite,400 W may fit modest build but calculate actual demand; dual-core label alone is insufficient.,C096,psu-sizing,3.6,https://www.corsair.com/ww/en/p/psu/cp-9020170-na/vs-series-vs450-450-watt-80-plus-white-certified-psu-cp-9020170-na ; https://help.corsair.com/hc/en-us/articles/14641912717453-PSU-Efficiency-Ratings-Explained
C101,160,160,keep,Repeated interface up/down events describe port flapping; investigate underlying cable/power/configuration cause.,C036,port-flapping,5.5,https://www.cisco.com/c/en/us/support/docs/switches/catalyst-9500-series-switches/218397-troubleshoot-port-flaps-on-catalyst-9000.html
C102,160,161,keep,MMS normally needs carrier data/APN support; voice working does not prove mobile data is enabled.,C073,mms,1.3,https://support.apple.com/en-us/104972
C103,161,161,keep,Independent recoverable backup protects against host/storage loss; RAID/UPS are not backups.,C188,vm-backup,4.1,https://learn.microsoft.com/en-us/windows-server/virtualization/hyper-v/checkpoints
C104,161,161,remove,Different OS versions/hardware are often supported; evidence does not establish transfer failure cause.,,phone-transfer,,https://assets.ctfassets.net/82ripq7fjls2/1oSdlyujpaX3GrM0rir6Ge/91afb2be72785281e8fb4c0d9a70c6f4/CompTIA-A-220-1201-Exam-Objectives-3.0.pdf
C105,161,162,rewrite,Prioritize recoverable data with minimal stress; specialized imaging/recovery may be needed for failing hardware.,C111,failing-drive,5.2,https://www.seagate.com/support/kb/my-system-reported-a-smart-error-on-the-drive-184619en/
C106,162,163,keep,Wrong aspect ratio stretches/squeezes image; distinguish from keystone geometry.,C136,aspect-ratio,"3.1, 5.3",https://support.microsoft.com/en-us/windows/change-your-screen-resolution-and-layout-in-windows-5effefe3-2eac-e306-0b5d-2073b765876b
C107,163,163,remove,Core 2 authentication factors; authenticator alone does not establish two distinct factors.,,mfa,,https://assets.ctfassets.net/82ripq7fjls2/1oSdlyujpaX3GrM0rir6Ge/91afb2be72785281e8fb4c0d9a70c6f4/CompTIA-A-220-1201-Exam-Objectives-3.0.pdf
C108,163,163,merge,Enable discovery/pairing for compatible wireless headset.,C064,bluetooth-pair,"1.2, 1.3",https://support.microsoft.com/en-us/windows/pair-a-bluetooth-device-in-windows-2be7b51f-6ae9-b757-a3b9-95ee40c3e242
C109,163,164,rewrite,"More DIMM slots allow potential expansion, not automatic performance improvement; verify capacity and memory pressure.",C092,ram-capacity,"3.3, 5.1",https://www.kingston.com/en/memory
C110,164,164,merge,Same backend traffic distribution concept.,C018,load-balancer,2.3,https://aws.amazon.com/what-is/load-balancing/
C111,164,164,keep,"RADIUS supports authentication, authorization and accounting services.",C041,aaa,2.3,https://www.cisco.com/c/en/us/td/docs/wireless/controller/ewc/17-1/olh/Content/topics/c_sec_aaa_about.html
C112,164,165,remove,Mixed categories overlap; hardware-assisted virtualization is not a standalone highest-isolation guarantee.,,vm-isolation,,https://assets.ctfassets.net/82ripq7fjls2/1oSdlyujpaX3GrM0rir6Ge/91afb2be72785281e8fb4c0d9a70c6f4/CompTIA-A-220-1201-Exam-Objectives-3.0.pdf
C113,165,165,keep,RFID tags/readers support radio-based inventory identification.,C066,rfid,2.2,https://support.gs1.org/support/solutions/articles/43000733398-what-is-the-difference-between-passive-and-active-tags-
C114,165,166,remove,Large-file slowness does not establish fragmentation; memory/storage/network bottlenecks possible.,,hdd-fragmentation,,https://assets.ctfassets.net/82ripq7fjls2/1oSdlyujpaX3GrM0rir6Ge/91afb2be72785281e8fb4c0d9a70c6f4/CompTIA-A-220-1201-Exam-Objectives-3.0.pdf
C115,166,166,keep,802.11ax operation in 6 GHz is marketed as Wi-Fi 6E; compatible clients/APs and local rules required.,C054,wifi6e,2.2,https://www.cisco.com/c/en/us/support/docs/wireless/catalyst-9166-series-access-points/220526-configure-and-verify-wi-fi-6e-band-opera.html ; https://www.cisco.com/c/en/us/td/docs/wireless/controller/9800/technical-reference/wireless-rf-reference-guide.html
C116,166,167,rewrite,For previously working setup check input and connection/known-good cable; original cable-version check is not decisive.,C132,monitor-input,"3.1, 5.3",https://www.dell.com/support/kbdoc/en-tw/000132110/how-to-troubleshoot-a-dell-desktop-monitor?lang=en
C117,167,167,remove,Good disk/RAM tests do not prove defective PSU; replacing before power/temperature diagnosis unsupported.,,random-crash,,https://assets.ctfassets.net/82ripq7fjls2/1oSdlyujpaX3GrM0rir6Ge/91afb2be72785281e8fb4c0d9a70c6f4/CompTIA-A-220-1201-Exam-Objectives-3.0.pdf
C118,167,168,rewrite,Use manufacturer-approved toner-rated static-safe vacuum if allowed; generic ESD vacuum may lack safe fine-particle filtration.,C156,toner-clean,3.8,https://h10032.www1.hp.com/ctg/Manual/c05786470.pdf
C119,168,168,merge,Satellite may reach areas lacking wired/cellular infrastructure with coverage/sky-view constraints.,C050,satellite-access,2.7,https://www.esa.int/Enabling_Support/Space_Transportation/Types_of_orbits
C120,168,168,keep,"Check discrete GPU detection, power, seating and firmware primary-display setting.",C130,gpu-select,"3.5, 5.1",https://www.intel.com/content/www/us/en/gaming/resources/what-is-bottlenecking-my-pc.html ; https://www.intel.com/content/www/us/en/products/docs/processors/cpu-vs-gpu.html
C121,168,168,remove,NVMe and M.2 SATA require specific support; laptop model/interface absent so best replacement cannot be selected.,,ssd-compatibility,,https://assets.ctfassets.net/82ripq7fjls2/1oSdlyujpaX3GrM0rir6Ge/91afb2be72785281e8fb4c0d9a70c6f4/CompTIA-A-220-1201-Exam-Objectives-3.0.pdf
C122,168,169,rewrite,Verify model-compatible cartridge and follow manufacturer replacement/unsealing instructions; exact first-two order is model-dependent.,C172,toner-replace,3.8,https://www.hp.com/us-en/tech-takes/printers/maintenance/laserjet-printer-maintenance-kits-guide.html
C123,169,169,merge,Enable Bluetooth and confirm paired device connection.,C064,bluetooth-pair,"1.2, 1.3",https://support.microsoft.com/en-us/windows/pair-a-bluetooth-device-in-windows-2be7b51f-6ae9-b757-a3b9-95ee40c3e242
C124,169,169,remove,Inverter does not explain charging problem; LED laptops may lack inverter; insufficient evidence.,,backlight,,https://assets.ctfassets.net/82ripq7fjls2/1oSdlyujpaX3GrM0rir6Ge/91afb2be72785281e8fb4c0d9a70c6f4/CompTIA-A-220-1201-Exam-Objectives-3.0.pdf
C125,169,170,merge,Striping maximizes usable member capacity without fault tolerance.,C121,raid0,3.4,https://www.dell.com/support/kbdoc/en-us/000128635/dell-servers-what-are-the-raid-levels-and-their-specifications
C126,170,170,keep,Run supported alignment/calibration procedure for misregistered output.,C171,printer-calibration,"3.8, 5.6",https://files.support.epson.com/docid/cpd4/cpd40326/source/printers/source/troubleshooting/reference/problem_faint.html ; https://files.support.epson.com/docid/cpd6/cpd65049/source/pro_graphics/source/maintenance/concepts/print_head_alignment_scf9570.html
C127,170,170,remove,Standard choice alone cannot guarantee minimal range/interference; configure channels/power appropriately.,,wifi-range,,https://assets.ctfassets.net/82ripq7fjls2/1oSdlyujpaX3GrM0rir6Ge/91afb2be72785281e8fb4c0d9a70c6f4/CompTIA-A-220-1201-Exam-Objectives-3.0.pdf
C128,170,171,remove,Core 2 offline-file/remote-access settings; VPN reachability and permissions unspecified.,,offline-files,,https://assets.ctfassets.net/82ripq7fjls2/1oSdlyujpaX3GrM0rir6Ge/91afb2be72785281e8fb4c0d9a70c6f4/CompTIA-A-220-1201-Exam-Objectives-3.0.pdf
C129,171,171,keep,Optical network terminal terminates provider optical service and presents customer interfaces such as Ethernet.,C052,ont,2.5,https://www.verizon.com/support/residential/homephone/service-equipment/ont
C130,171,172,merge,Trace copper cable to unlabeled termination.,C024,tone-probe,2.8,https://www.flukenetworks.com/datacom-cabling/copper-testing/IntelliTone-Pro-Toner-and-Probe
C131,172,172,rewrite,SSD helps storage-bound workload; confirm existing disk/bottleneck and compatibility.,C112,ssd-upgrade,3.4,https://www.kingston.com/en/ssd/desktop-laptop-workstations
C132,172,173,merge,Safe test isolation and controlled malware analysis are both sandbox uses; original best-answer choice not unique.,C186,sandbox,4.1,https://learn.microsoft.com/en-us/windows/security/application-security/application-isolation/windows-sandbox/windows-sandbox-configure-using-wsb-file
C133,173,173,keep,Common modular Ethernet connector terminates compatible Cat 6 twisted pair.,C027,rj45,3.2,https://www.flukenetworks.com/blog/cabling-chronicles/wire-map-testing-it-s-not-all-about-color
C134,173,174,rewrite,"OLED can offer wide angles/contrast; accurate color requires verified gamut and calibration, not panel label alone.",C136,display-color,"3.1, 5.3",https://support.microsoft.com/en-us/windows/change-your-screen-resolution-and-layout-in-windows-5effefe3-2eac-e306-0b5d-2073b765876b
C135,174,174,remove,Corrupted wording and insufficient evidence; no unique next action.,,display-heater,,https://assets.ctfassets.net/82ripq7fjls2/1oSdlyujpaX3GrM0rir6Ge/91afb2be72785281e8fb4c0d9a70c6f4/CompTIA-A-220-1201-Exam-Objectives-3.0.pdf
C136,174,175,merge,Distributes workload across server pool.,C018,load-balancer,2.3,https://aws.amazon.com/what-is/load-balancing/
C137,175,175,rewrite,Measure CPU/RAM/storage/temperature and compare requirements before upgrading.,C130,performance-test,"3.5, 5.1",https://www.intel.com/content/www/us/en/gaming/resources/what-is-bottlenecking-my-pc.html ; https://www.intel.com/content/www/us/en/products/docs/processors/cpu-vs-gpu.html
C138,175,175,rewrite,Exhibit has /32 mask. State intended /24 LAN explicitly before correcting mask; /32 is not globally invalid.,C007,subnet-mask,"2.6, 5.5",https://learn.microsoft.com/en-us/troubleshoot/windows-client/networking/tcpip-addressing-and-subnetting
C139,175,176,remove,High traffic does not justify OS update as unique next step; identify app/background traffic first.,,phone-battery,,https://assets.ctfassets.net/82ripq7fjls2/1oSdlyujpaX3GrM0rir6Ge/91afb2be72785281e8fb4c0d9a70c6f4/CompTIA-A-220-1201-Exam-Objectives-3.0.pdf
C140,176,176,keep,Supported serial console offers local device management independent of IP reachability.,C038,serial-console,"3.2, 2.8",https://www.cisco.com/c/en/us/support/docs/routers/7000-series-routers/12223-14.html
C150,180,181,keep,Supported serial console offers local device management independent of IP reachability.,C038,serial-console,"3.2, 2.8",https://www.cisco.com/c/en/us/support/docs/routers/7000-series-routers/12223-14.html
C141,176,177,rewrite,SAS can connect supported SAS HDDs or SSDs; mechanical is not the only SAS storage type.,C115,sas,3.4,https://www.seagate.com/support/kb/sas-solid-state-drive-installation-instructions-005705en/
C142,177,177,rewrite,"DHCP service assigns addresses; routers or managed switches may host it, not inherently every router.",C002,dhcp,"2.3, 2.4",https://learn.microsoft.com/en-us/windows-server/networking/technologies/dhcp/dhcp-top
C190,198,199,rewrite,"DHCP service assigns addresses; routers or managed switches may host it, not inherently every router.",C002,dhcp,"2.3, 2.4",https://learn.microsoft.com/en-us/windows-server/networking/technologies/dhcp/dhcp-top
C143,177,178,merge,Check RF interference/channel congestion despite adequate signal strength.,C056,wifi-interference,"2.2, 5.5",https://www.cisco.com/c/en/us/td/docs/wireless/controller/9800/technical-reference/wireless-rf-reference-guide.html
C144,178,178,keep,Stop use and safely disconnect power; do not open energized equipment or PSU.,C097,burning-smell,"3.6, 5.1",https://www.dell.com/support/manuals/en-in/latitude-5420-laptop/5420_sp14_sm/safety-precautions?guid=guid-30eeebf7-b61e-422e-bf3e-75335ec500e3&lang=en-us
C145,178,178,rewrite,Separating app delivery/runtime can simplify centralized updates; savings/performance are not guaranteed.,C189,app-virtualization,4.1,https://learn.microsoft.com/en-us/azure/virtual-desktop/overview ; https://learn.microsoft.com/en-us/windows/application-management/app-v/appv-for-windows
C146,178,179,keep,Mail gateway filters spam and malicious/unwanted email; not all network messages.,C022,spam-gateway,2.3,https://learn.microsoft.com/en-us/defender-office-365/anti-spam-protection-about
C147,179,179,merge,Same isolated development concept.,C186,sandbox,4.1,https://learn.microsoft.com/en-us/windows/security/application-security/application-isolation/windows-sandbox/windows-sandbox-configure-using-wsb-file
C148,179,179,rewrite,Use controller diagnostics to identify correct failed member before replacement; protect data first.,C126,raid-rebuild,5.2,https://downloads.dell.com/topicspdf/poweredge-rc-h740p_Users-Guide_en-us.pdf
C149,179,180,rewrite,"Fuser is plausible, but noises/ghosting need model-specific isolation before replacement.",C157,laser-ghosting,5.6,https://support.hp.com/ca-en/document/ish_6747730-6747774-16
C151,181,181,merge,Terminate replacement compatible wall jack on IDC terminals; replacing damaged jack may be required.,C026,punchdown,"2.8, 3.2",https://data.kleintools.com/sites/kleintools/files/tool-catalog/82820_TelecomCatalog.pdf
C152,181,181,keep,Inspect for scraps/blocked sensor flags using safe model-specific procedure.,C162,jam-sensor,5.6,https://help.brother-usa.com/app/answers/detail/a_id/182556/~/jam-error-messages
C153,181,182,merge,"F-type common on cable-provider coax connections, not every ISP technology.",C030,coax,"2.7, 3.2",https://www.netgear.com/hub/technology/connecting-cable-modem-and-router/ ; https://www.flukenetworks.com/blog/cabling-chronicles/wire-map-testing-it-s-not-all-about-color
C154,182,182,merge,Redundant supported supplies reduce PSU single-point failure; no guarantee of continuous availability.,C098,redundant-psu,3.6,https://www.dell.com/support/kbdoc/en-in/000141313/poweredge-psu-how-to-remove-or-replace-a-power-supply-unit
C155,182,183,keep,"Match supported DDR generation and voltage, including DDR3L requirements where specified.",C088,ram-voltage,3.3,https://www.kingston.com/en/memory
C156,183,183,merge,Redundancy/failover aim to keep service available.,C180,availability,4.2,https://learn.microsoft.com/en-us/azure/reliability/concept-business-continuity-high-availability-disaster-recovery
C157,183,184,merge,"Check external camera cable, power, privacy and selected device first.",C150,webcam-connection,"1.1, 5.4",https://support.microsoft.com/en-us/windows/hardware/camera/camera-doesn-t-work-in-windows
C158,184,184,merge,Phone hotspot can share active cellular service where permitted.,C068,hotspot,1.3,https://support.apple.com/en-us/111785
C159,184,185,remove,No app specification or measured bottleneck establishes GPU as best upgrade.,,cad-upgrade,,https://assets.ctfassets.net/82ripq7fjls2/1oSdlyujpaX3GrM0rir6Ge/91afb2be72785281e8fb4c0d9a70c6f4/CompTIA-A-220-1201-Exam-Objectives-3.0.pdf
C160,185,185,rewrite,Displayed no-source message proves projector has power; check correct input and laptop output first.,C132,monitor-input,"3.1, 5.3",https://www.dell.com/support/kbdoc/en-tw/000132110/how-to-troubleshoot-a-dell-desktop-monitor?lang=en
C161,185,186,remove,Heavy use and running diagnostics do not establish corrupt spooler job.,,printer-stopped,,https://assets.ctfassets.net/82ripq7fjls2/1oSdlyujpaX3GrM0rir6Ge/91afb2be72785281e8fb4c0d9a70c6f4/CompTIA-A-220-1201-Exam-Objectives-3.0.pdf
C162,186,187,remove,Vague scenarios do not establish exact two answers; keep clear VDI concept elsewhere.,,vdi-use,,https://assets.ctfassets.net/82ripq7fjls2/1oSdlyujpaX3GrM0rir6Ge/91afb2be72785281e8fb4c0d9a70c6f4/CompTIA-A-220-1201-Exam-Objectives-3.0.pdf
C163,187,187,rewrite,Liquid-contact indicators change according to manufacturer; red-to-blue is not a universal pattern.,C083,liquid-indicator,5.4,https://support.apple.com/en-us/102643
C164,187,187,merge,Configure valid network address settings and authorized reachability.,C003,printer-ip,"2.4, 3.7",https://learn.microsoft.com/en-us/windows-server/networking/technologies/dhcp/dhcp-scopes
C165,187,188,rewrite,"LPD uses TCP 515, IPP TCP 631; original labels LDP and Telnet 22 are wrong; only open required service.",C169,printing-ports,"2.1, 3.7",https://www.pwg.org/ipp/ippguide.html ; https://learn.microsoft.com/en-us/troubleshoot/windows-server/printing/standard-port-monitor-for-tcpip
C166,188,188,merge,LC is common optical-fiber connector; match actual hardware/fiber type.,C033,fiber-connectors,3.2,https://www.thefoa.org/tech/ref/testing/test/conntypes.html
C167,188,188,remove,3D TPU flow tuning outside current printer outline and model/process-dependent.,,3d-printer,,https://assets.ctfassets.net/82ripq7fjls2/1oSdlyujpaX3GrM0rir6Ge/91afb2be72785281e8fb4c0d9a70c6f4/CompTIA-A-220-1201-Exam-Objectives-3.0.pdf
C168,188,189,rewrite,DDR5 supports higher standard data rates than prior listed generations; cannot install unsupported generation.,C088,ddr-generation,3.3,https://www.kingston.com/en/memory
C169,189,189,merge,Populate channels per CPU/board manual; slot count is not channel count.,C091,memory-channels,3.3,https://www.kingston.com/en/memory/memory-population-rules
C170,189,190,remove,A PC cannot boot normally with all RAM removed; this observation does not diagnose PSU.,,no-ram,,https://assets.ctfassets.net/82ripq7fjls2/1oSdlyujpaX3GrM0rir6Ge/91afb2be72785281e8fb4c0d9a70c6f4/CompTIA-A-220-1201-Exam-Objectives-3.0.pdf
C171,190,190,keep,Default gateway forwards traffic to destinations outside local subnet.,C006,gateway,"2.6, 5.5",https://learn.microsoft.com/en-us/troubleshoot/windows-client/networking/tcpip-addressing-and-subnetting
C172,190,191,rewrite,MDM can restrict peripheral/data access; verify actual policy rather than assume from location alone.,C067,mdm,1.3,https://learn.microsoft.com/en-us/intune/fundamentals/what-is-intune
C173,191,191,remove,"Malware, apps, radio conditions and charging faults remain possible; no unique next action.",,phone-heat,,https://assets.ctfassets.net/82ripq7fjls2/1oSdlyujpaX3GrM0rir6Ge/91afb2be72785281e8fb4c0d9a70c6f4/CompTIA-A-220-1201-Exam-Objectives-3.0.pdf
C174,191,192,remove,No thermal measurements establish overheating despite available capacity.,,vm-slow,,https://assets.ctfassets.net/82ripq7fjls2/1oSdlyujpaX3GrM0rir6Ge/91afb2be72785281e8fb4c0d9a70c6f4/CompTIA-A-220-1201-Exam-Objectives-3.0.pdf
C175,192,192,merge,SSH commonly uses TCP 22 for encrypted remote access.,C045,secure-ports,2.1,https://www.iana.org/assignments/service-names-port-numbers/service-names-port-numbers.xhtml ; https://www.rfc-editor.org/rfc/rfc4251 ; https://www.rfc-editor.org/rfc/rfc8314
C176,192,193,keep,A record maps name to IPv4 address; AAAA maps name to IPv6.,C011,dns-a,"2.3, 2.4",https://learn.microsoft.com/en-us/windows-server/networking/dns/dns-overview ; https://learn.microsoft.com/en-us/windows-server/networking/dns/dns-architecture
C177,193,193,keep,Active stylus may need battery/charging; confirm model and pairing before replacement.,C075,active-pen,1.2,https://support.microsoft.com/en-us/surface/pen/surface-pen-compatibility-and-features
C178,193,194,remove,Rote troubleshooting stage outside current tested objectives.,,methodology,,https://assets.ctfassets.net/82ripq7fjls2/1oSdlyujpaX3GrM0rir6Ge/91afb2be72785281e8fb4c0d9a70c6f4/CompTIA-A-220-1201-Exam-Objectives-3.0.pdf
C179,194,195,merge,"Check channel use, interference and client load; signal alone does not establish throughput.",C056,wifi-interference,"2.2, 5.5",https://www.cisco.com/c/en/us/td/docs/wireless/controller/9800/technical-reference/wireless-rf-reference-guide.html
C180,195,195,rewrite,Capacity HDD often offers lower cost/GB than SSD; actual prices/capacity and backup needs matter.,C112,hdd-cost,3.4,https://www.kingston.com/en/ssd/desktop-laptop-workstations
C181,195,195,merge,Mismatched driver/page language can produce symbols.,C164,printer-driver,"3.7, 5.6",https://support.hp.com/ca-en/document/c03265802
C182,195,196,merge,Enterprise high-rpm drives commonly use SAS; interface must match controller/backplane.,C115,sas,3.4,https://www.seagate.com/support/kb/sas-solid-state-drive-installation-instructions-005705en/
C183,196,196,merge,Compatible patch panels use insulation-displacement terminations.,C026,punchdown,"2.8, 3.2",https://data.kleintools.com/sites/kleintools/files/tool-catalog/82820_TelecomCatalog.pdf
C184,196,196,rewrite,"Missing boot device may be drive failure, loose cable or boot configuration; inspect detection/order before declaring failure.",C108,boot-order,"3.5, 5.2",https://dl.dell.com/topicspdf/latitude-14-5420-laptop_owners-manual_en-us.pdf
C185,196,197,remove,Rote failed-theory next step outside tested methodology scope.,,methodology,,https://assets.ctfassets.net/82ripq7fjls2/1oSdlyujpaX3GrM0rir6Ge/91afb2be72785281e8fb4c0d9a70c6f4/CompTIA-A-220-1201-Exam-Objectives-3.0.pdf
C186,197,197,merge,Bluetooth personal-device link is PAN.,C039,pan,2.7,https://www.cisco.com/c/en/us/solutions/small-business/resource-center/networking/networking-basics.html ; https://www.ibm.com/think/topics/block-storage
C187,197,198,merge,Set job/tray guides and media sizes correctly for legal versus letter.,C163,paper-size,"3.7, 5.6",https://h10032.www1.hp.com/ctg/Manual/c05786470.pdf
C188,198,198,merge,Out-of-range indicates unsupported timing/resolution/refresh rate; choose supported mode.,C136,display-resolution,"3.1, 5.3",https://support.microsoft.com/en-us/windows/change-your-screen-resolution-and-layout-in-windows-5effefe3-2eac-e306-0b5d-2073b765876b
C189,198,198,merge,Check location services/permission and satellite visibility; internet speed does not prove location works.,C070,gps,1.3,https://www.gps.gov/space-segment
C191,199,200,keep,Scope defines address pool and configuration for clients on a subnet.,C004,dhcp-scope,"2.4, 5.5",https://learn.microsoft.com/en-us/windows-server/networking/technologies/dhcp/dhcp-scopes
C192,200,200,rewrite,Older iPhones use Lightning and newer models may use USB-C; choose actual port and data-capable cable.,C086,lightning,1.2,https://support.apple.com/guide/iphone/connect-iphone-and-your-computer-with-a-cable-iph42d9b3178/ios
C193,200,200,remove,"Core 2 access-policy decision; trusted-location exception requires explicit security policy, not generic troubleshooting.",,conditional-access,,https://assets.ctfassets.net/82ripq7fjls2/1oSdlyujpaX3GrM0rir6Ge/91afb2be72785281e8fb4c0d9a70c6f4/CompTIA-A-220-1201-Exam-Objectives-3.0.pdf
C194,200,201,merge,OLED is available in laptops and does not use separate backlight.,C135,oled,"3.1, 5.3",https://support.apple.com/en-us/109039
C195,201,201,rewrite,No link lights suggests physical/dock/NIC path; inspect seating/cable/power before DHCP server or laptop replacement.,C146,dock-network,"1.2, 5.4",https://www.dell.com/support/kbdoc/en-us/000124295/guide-to-dell-docking-stations
C196,201,202,rewrite,Check physical seating and M.2 SATA/NVMe compatibility; no generic UEFI setting guarantees detection.,C113,m2-detection,3.4,https://www.kingston.com/en/ssd/ssd-faq
C197,202,202,remove,Wrong conversion and no evidence rollers explain black output; ambiguous two-choice key.,,thermal-black,,https://assets.ctfassets.net/82ripq7fjls2/1oSdlyujpaX3GrM0rir6Ge/91afb2be72785281e8fb4c0d9a70c6f4/CompTIA-A-220-1201-Exam-Objectives-3.0.pdf
C198,202,203,rewrite,Solid-black laser page can indicate imaging/charge-system fault; printer type must be stated.,C157,laser-black,5.6,https://support.hp.com/ca-en/document/ish_6747730-6747774-16
C199,203,203,merge,Compatible dock combines peripherals for quick detach.,C146,dock,"1.2, 5.4",https://www.dell.com/support/kbdoc/en-us/000124295/guide-to-dell-docking-stations
C200,203,204,merge,Three beeps vary by vendor; consult model code then check RAM if indicated.,C094,post-beeps,5.1,https://www.dell.com/support/kbdoc/en-ca/000126068/how-to-diagnose-and-resolve-common-memory-issues-on-a-dell-desktop-pc
D001,205,205,merge,Smearing laser toner suggests inadequate fusing or media mismatch; verify before replacement.,C155,fuser,"3.8, 5.6",https://support.hp.com/ca-en/document/ish_6747730-6747774-16
D002,205,205,merge,Scope defines available DHCP address pool.,C004,dhcp-scope,"2.4, 5.5",https://learn.microsoft.com/en-us/windows-server/networking/technologies/dhcp/dhcp-scopes
D003,205,206,merge,"Check wattage, form factor, connectors and electrical compatibility.",C096,psu-sizing,3.6,https://www.corsair.com/ww/en/p/psu/cp-9020170-na/vs-series-vs450-450-watt-80-plus-white-certified-psu-cp-9020170-na ; https://help.corsair.com/hc/en-us/articles/14641912717453-PSU-Efficiency-Ratings-Explained
D004,206,206,remove,Patient records alone do not mandate private cloud; security/compliance depend on implementation.,,cloud-choice,,https://assets.ctfassets.net/82ripq7fjls2/1oSdlyujpaX3GrM0rir6Ge/91afb2be72785281e8fb4c0d9a70c6f4/CompTIA-A-220-1201-Exam-Objectives-3.0.pdf
D005,206,207,merge,Disposable isolated test environment can be reset between tests.,C186,sandbox,4.1,https://learn.microsoft.com/en-us/windows/security/application-security/application-isolation/windows-sandbox/windows-sandbox-configure-using-wsb-file
D016,211,212,merge,Disposable isolated test environment can be reset between tests.,C186,sandbox,4.1,https://learn.microsoft.com/en-us/windows/security/application-security/application-isolation/windows-sandbox/windows-sandbox-configure-using-wsb-file
D006,207,207,rewrite,Verify recoverable backup and controller/member status first; safe backup method depends on degraded drive health.,C126,raid-rebuild,5.2,https://downloads.dell.com/topicspdf/poweredge-rc-h740p_Users-Guide_en-us.pdf
D007,208,208,merge,DSL delivers service over telephone copper.,C031,dsl,2.7,https://www.verizon.com/support/residential/internet/getting-started/setup-dsl
D008,208,208,rewrite,Simultaneous multithreading may improve some workloads; does not universally maximize CPU performance.,C102,smt,3.5,https://www.intel.com/content/www/us/en/support/articles/000006513/processors.html
D009,208,209,merge,"SPF checks whether sending host is authorized for envelope sender domain, not general name/IP equality.",C013,spf,2.4,https://www.rfc-editor.org/rfc/rfc7208
D010,209,209,merge,Additional properly planned AP can improve coverage; survey placement/backhaul/channel use.,C017,access-point,2.5,https://www.cisco.com/c/en/us/solutions/small-business/resource-center/networking/networking-basics.html
D011,209,210,keep,"Traditional cable broadband uses shared coax segment, often with fiber upstream.",C030,cable-internet,"2.7, 3.2",https://www.netgear.com/hub/technology/connecting-cable-modem-and-router/ ; https://www.flukenetworks.com/blog/cabling-chronicles/wire-map-testing-it-s-not-all-about-color
D012,210,210,rewrite,Capacity HDD is often economical for large archives; optical is not inherently cheapest per GB.,C112,hdd-cost,3.4,https://www.kingston.com/en/ssd/desktop-laptop-workstations
D013,210,211,merge,Test DNS resolution and configuration; local ping does not prove internet routing or DNS.,C012,dns-test,5.5,https://learn.microsoft.com/en-us/troubleshoot/windows-client/networking/troubleshoot-dns-client-resolution-issues
D014,211,211,merge,"DE-9, commonly called DB9, commonly carries serial RS-232.",C038,serial-console,"3.2, 2.8",https://www.cisco.com/c/en/us/support/docs/routers/7000-series-routers/12223-14.html
D015,211,211,merge,VPN supports authorized remote private-network access.,C040,vpn,"2.6, 1.3",https://csrc.nist.gov/glossary/term/virtual_private_network
D017,212,212,rewrite,Bluetooth PAN sharing is tethering; Wi-Fi hotspot is a different sharing method.,C068,tethering,1.3,https://support.apple.com/en-us/111785
D018,212,213,rewrite,"SMB share permits authorized network scans; access logging requires file-server auditing, not MFP share alone.",C047,scan-smb,"2.1, 3.7",https://learn.microsoft.com/en-us/windows-server/storage/file-server/file-server-smb-overview
D019,213,213,rewrite,"SSD has no moving parts; security requires encryption/access controls, not SSD label.",C112,ssd-shock,3.4,https://www.kingston.com/en/ssd/desktop-laptop-workstations
D020,213,213,merge,VDI centralizes desktop management but does not guarantee security.,C189,vdi,4.1,https://learn.microsoft.com/en-us/azure/virtual-desktop/overview ; https://learn.microsoft.com/en-us/windows/application-management/app-v/appv-for-windows
D021,213,214,remove,Cost and customization do not establish hybrid deployment; service-management requirements absent.,,cloud-choice,,https://assets.ctfassets.net/82ripq7fjls2/1oSdlyujpaX3GrM0rir6Ge/91afb2be72785281e8fb4c0d9a70c6f4/CompTIA-A-220-1201-Exam-Objectives-3.0.pdf
D022,214,214,merge,Striping provides no redundancy and uses combined member capacity.,C121,raid0,3.4,https://www.dell.com/support/kbdoc/en-us/000128635/dell-servers-what-are-the-raid-levels-and-their-specifications
D023,214,214,merge,High-rpm enterprise HDDs commonly use SAS.,C115,sas,3.4,https://www.seagate.com/support/kb/sas-solid-state-drive-installation-instructions-005705en/
D024,214,215,rewrite,Thermal shutdown is plausible; measure temperature and cooling before diagnosis.,C103,overheating,"3.5, 5.1",https://www.dell.com/support/kbdoc/en-us/000130867/how-to-troubleshoot-a-overheating-shutdown-or-thermal-issue-on-a-dell-pc ; https://www.intel.com/content/www/us/en/gaming/resources/how-to-apply-thermal-paste.html
D025,215,216,keep,Approved wall adapter can power charging-only device without attaching it to protected data port.,C145,usb-power,"1.2, 5.1",https://www.usb.org/usb-charger-pd
D026,216,216,keep,Use stable power and exact vendor firmware/procedure; interruption can leave device unusable.,C107,firmware-power,"3.5, 3.7",https://ftp.hp.com/pub/softlib/software13/printers/E62655_65_75/readme_E62655_65_75_fs4.pdf
D027,216,216,merge,Scale capacity to demand within configured limits.,C179,elasticity,4.2,https://nvlpubs.nist.gov/nistpubs/Legacy/SP/nistspecialpublication800-145.pdf
D028,216,217,merge,Use actual manufacturer component power/connector specifications and headroom.,C096,psu-sizing,3.6,https://www.corsair.com/ww/en/p/psu/cp-9020170-na/vs-series-vs450-450-watt-80-plus-white-certified-psu-cp-9020170-na ; https://help.corsair.com/hc/en-us/articles/14641912717453-PSU-Efficiency-Ratings-Explained
D029,217,217,remove,"Slow startup, lines and blanking may be panel/electronics/cable; no single cause established.",,display-fault,,https://assets.ctfassets.net/82ripq7fjls2/1oSdlyujpaX3GrM0rir6Ge/91afb2be72785281e8fb4c0d9a70c6f4/CompTIA-A-220-1201-Exam-Objectives-3.0.pdf
D030,217,217,merge,"Check hardware/app mute, selected input and permissions.",C151,microphone,5.4,https://support.microsoft.com/en-us/windows/fix-sound-or-audio-problems-in-windows-73025246-b61c-40fb-671a-2535c7cd56c8
D031,217,218,remove,Rote troubleshooting-step identification outside current tested scope.,,methodology,,https://assets.ctfassets.net/82ripq7fjls2/1oSdlyujpaX3GrM0rir6Ge/91afb2be72785281e8fb4c0d9a70c6f4/CompTIA-A-220-1201-Exam-Objectives-3.0.pdf
D032,218,218,merge,RFID tags/readers support inventory management.,C066,rfid,2.2,https://support.gs1.org/support/solutions/articles/43000733398-what-is-the-difference-between-passive-and-active-tags-
D033,218,219,remove,Missing yellow may be yellow toner/developer/drum; cannot uniquely choose drum without diagnostics.,,laser-color,,https://assets.ctfassets.net/82ripq7fjls2/1oSdlyujpaX3GrM0rir6Ge/91afb2be72785281e8fb4c0d9a70c6f4/CompTIA-A-220-1201-Exam-Objectives-3.0.pdf
D034,219,219,remove,Temporal heater association does not establish video-cable fault; inspect safely and isolate.,,display-heater,,https://assets.ctfassets.net/82ripq7fjls2/1oSdlyujpaX3GrM0rir6Ge/91afb2be72785281e8fb4c0d9a70c6f4/CompTIA-A-220-1201-Exam-Objectives-3.0.pdf
D035,219,219,keep,19.45.7.28 is outside RFC1918 and link-local ranges; WAN may use public or provider-private addresses.,C008,private-ip,2.6,https://www.rfc-editor.org/rfc/rfc1918
D036,219,220,rewrite,Review logs to gather evidence on reachable server; do not infer universal first step from vague outage.,C049,logs,"2.3, 5.5",https://www.rfc-editor.org/rfc/rfc5424
D037,220,220,remove,"Configured charge limit, temperature or charger can stop charging; fixed percentage does not prove battery failure.",,charge-limit,,https://assets.ctfassets.net/82ripq7fjls2/1oSdlyujpaX3GrM0rir6Ge/91afb2be72785281e8fb4c0d9a70c6f4/CompTIA-A-220-1201-Exam-Objectives-3.0.pdf
D038,220,220,rewrite,"Wi-Fi analyzer assists placement; cable termination tools depend on actual installation, not mandatory pair.",C058,ap-placement,"2.8, 5.5",https://www.cisco.com/c/en/us/support/docs/wireless/wireless-lan-controller-software/220877-troubleshoot-wireless-speed-issues.pdf
D039,220,221,merge,Check compatible paper and heat-sensitive side orientation before parts replacement.,C154,thermal-paper,3.8,https://prod-www.zebra.com/us/en/resource-library/faq/difference-between-direct-thermal-and-thermal-transfer-printing.html
D040,221,221,merge,Single hostname failure across devices suggests DNS record/resolver check; verify service separately.,C012,dns-test,5.5,https://learn.microsoft.com/en-us/troubleshoot/windows-client/networking/troubleshoot-dns-client-resolution-issues
D041,221,222,merge,Internal swelling may obstruct trackpad/keys; stop use and charge.,C079,battery-swelling,5.4,https://www.dell.com/support/kbdoc/en-us/000128491/swollen-battery-information-and-guidance
D042,222,222,merge,Use platform-supported ECC when required; not mutually exclusive with DDR generation.,C089,ecc,3.3,https://www.intel.com/content/www/us/en/support/articles/000100193/processors/intel-xeon-processors.html
D043,222,222,remove,No connector version/mode specified; DisplayPort is not universally highest resolution.,,video-bandwidth,,https://assets.ctfassets.net/82ripq7fjls2/1oSdlyujpaX3GrM0rir6Ge/91afb2be72785281e8fb4c0d9a70c6f4/CompTIA-A-220-1201-Exam-Objectives-3.0.pdf
D044,222,223,rewrite,Specify provider-hosted software subscription; paying for unspecified tools alone does not prove SaaS.,C176,saas,4.2,https://azure.microsoft.com/en-us/resources/cloud-computing-dictionary/what-are-iaas-paas-and-saas
D045,223,223,keep,Graphics memory stores framebuffers/textures and GPU working data; discrete GPU VRAM normally is not DIMM-upgradeable.,C130,vram,"3.5, 5.1",https://www.intel.com/content/www/us/en/gaming/resources/what-is-bottlenecking-my-pc.html ; https://www.intel.com/content/www/us/en/products/docs/processors/cpu-vs-gpu.html
D046,223,224,merge,Loud fan and shutdown warrant thermal diagnosis.,C103,overheating,"3.5, 5.1",https://www.dell.com/support/kbdoc/en-us/000130867/how-to-troubleshoot-a-overheating-shutdown-or-thermal-issue-on-a-dell-pc ; https://www.intel.com/content/www/us/en/gaming/resources/how-to-apply-thermal-paste.html
D047,224,224,keep,Cat 6A supports 10GBASE-T over compliant 328 ft channel.,C029,cat6a,3.2,https://jp.flukenetworks.com/knowledge-base/dtx-cableanalyzer/release-notes-version-278-dtx-cableanalyzer
D048,224,225,merge,169.254 address on DHCP client indicates missing valid lease/path; inspect DHCP service/link.,C001,apipa,"2.6, 5.5",https://www.rfc-editor.org/rfc/rfc3927
D049,225,225,merge,Independent verified backup protects against hardware loss.,C188,vm-backup,4.1,https://learn.microsoft.com/en-us/windows-server/virtualization/hyper-v/checkpoints
D050,225,226,rewrite,Hosts entry must match current server IP; reservation/static assignment can stabilize it but stale mapping must be corrected.,C012,hosts-record,5.5,https://learn.microsoft.com/en-us/troubleshoot/windows-client/networking/troubleshoot-dns-client-resolution-issues
D051,226,226,merge,Compatible guest environments support multi-OS application testing.,C187,vm-testing,4.1,https://learn.microsoft.com/en-us/windows-server/virtualization/hyper-v/overview ; https://docs.oracle.com/en/virtualization/virtualbox/7.1/user/Introduction.html
D052,226,227,merge,Review event/error evidence before broad updates or rollback.,C049,logs,"2.3, 5.5",https://www.rfc-editor.org/rfc/rfc5424
D053,227,227,keep,Active stylus requires matching digitizer/protocol support; capacitive styluses differ.,C075,stylus-compat,1.2,https://support.microsoft.com/en-us/surface/pen/surface-pen-compatibility-and-features
D054,227,228,merge,Enable two-sided printing with supported hardware/driver.,C160,duplex,3.7,https://download.brother.com/welcome/doc002441/hl5380dn_ukeng_usr_b.pdf
D055,228,228,merge,Desktop internal NIC commonly uses PCIe slot.,C109,pcie,3.5,https://www.intel.com/content/www/us/en/gaming/resources/what-is-pcie-4-and-why-does-it-matter.html
D056,228,228,keep,VGA carries analog video; digital-only laptop needs active compatible conversion.,C140,vga,3.2,https://www.dell.com/support/kbdoc/en-us/000132029/a-guide-to-the-external-ports-and-connectors-on-a-dell-computer
D057,228,229,rewrite,Hostname-resolution failure suggests DNS; use text concept without unsupported exhibit-specific values.,C012,dns-test,5.5,https://learn.microsoft.com/en-us/troubleshoot/windows-client/networking/troubleshoot-dns-client-resolution-issues
D058,229,230,merge,Verify correctly attached/routed antenna leads after card service.,C061,wifi-antenna,"1.1, 5.4",https://dl.dell.com/topicspdf/latitude-14-5420-laptop_owners-manual_en-us.pdf
D059,230,230,merge,Two-drive mirror provides minimum common redundant array among listed options.,C122,raid1,3.4,https://www.dell.com/support/kbdoc/en-us/000128635/dell-servers-what-are-the-raid-levels-and-their-specifications
D060,230,230,rewrite,SMART and filesystem checks address different layers; preserve data before repair writes or stress tests.,C110,smart-data,5.2,https://www.seagate.com/support/kb/my-system-reported-a-smart-error-on-the-drive-184619en/
D061,231,231,rewrite,"Works only at powered dock suggests battery/power path, not missing peripherals; verify charger/battery health.",C078,battery-charging,5.4,https://support.apple.com/en-us/101575
D062,231,231,keep,"DNS resolves names/records; DHCP supplies IP configuration, not name resolution itself.",C002,dns-dhcp,"2.3, 2.4",https://learn.microsoft.com/en-us/windows-server/networking/technologies/dhcp/dhcp-top
D063,231,232,merge,Managed switch supports separate voice VLAN and appropriate traffic policy.,C016,vlan,2.4,https://www.cisco.com/c/en/us/td/docs/switches/lan/catalyst6500/ios/12-2SX/configuration/guide/book/vlans.html
D064,232,232,rewrite,Disconnect power/internal battery per service guide before checking loose conductive parts; never shake powered open laptop.,C097,loose-part,"3.6, 5.1",https://www.dell.com/support/manuals/en-in/latitude-5420-laptop/5420_sp14_sm/safety-precautions?guid=guid-30eeebf7-b61e-422e-bf3e-75335ec500e3&lang=en-us
D065,232,232,merge,"Match legal/letter media, guides and job/tray settings.",C163,paper-size,"3.7, 5.6",https://h10032.www1.hp.com/ctg/Manual/c05786470.pdf
D066,232,233,merge,Hybrid connects distinct cloud infrastructures; ordinary local storage alone is insufficient definition.,C178,hybrid-cloud,4.2,https://nvlpubs.nist.gov/nistpubs/Legacy/SP/nistspecialpublication800-145.pdf
D067,233,233,rewrite,Check HTTPS/TLS support and certificate after forced HTTPS redirect; SSL terminology is legacy.,C042,https,"2.1, 2.3",https://www.rfc-editor.org/rfc/rfc9110 ; https://www.rfc-editor.org/rfc/rfc9114
D068,233,233,merge,Verify wattage and compatible connectors/form factor using actual component requirements.,C096,psu-sizing,3.6,https://www.corsair.com/ww/en/p/psu/cp-9020170-na/vs-series-vs450-450-watt-80-plus-white-certified-psu-cp-9020170-na ; https://help.corsair.com/hc/en-us/articles/14641912717453-PSU-Efficiency-Ratings-Explained
D069,233,234,merge,"Check client radio, SSID, security and IP settings before resetting shared AP.",C059,wifi-credentials,"2.6, 5.5",https://support.apple.com/en-us/102766
D070,234,234,merge,Authenticated job release protects unattended output.,C168,secure-print,3.7,https://support.hp.com/us-en/document/c05500352
D071,234,235,rewrite,Sandbox allows isolated inspection/execution; holding attachments without executing is quarantine.,C186,sandbox,4.1,https://learn.microsoft.com/en-us/windows/security/application-security/application-isolation/windows-sandbox/windows-sandbox-configure-using-wsb-file
D072,235,235,rewrite,Use model-specific imaging/roller cleaning; generic roller cleaning not universally correct for lines.,C157,laser-lines,5.6,https://support.hp.com/ca-en/document/ish_6747730-6747774-16
D073,235,235,merge,New nearby wireless activity can create co-channel/adjacent-channel contention.,C056,wifi-interference,"2.2, 5.5",https://www.cisco.com/c/en/us/td/docs/wireless/controller/9800/technical-reference/wireless-rf-reference-guide.html
D074,235,236,merge,Run supported inkjet alignment after cartridge change when output misaligns.,C171,printer-calibration,"3.8, 5.6",https://files.support.epson.com/docid/cpd4/cpd40326/source/printers/source/troubleshooting/reference/problem_faint.html ; https://files.support.epson.com/docid/cpd6/cpd65049/source/pro_graphics/source/maintenance/concepts/print_head_alignment_scf9570.html
D075,236,237,merge,Bluetooth personal-area connection can support tethering.,C039,pan,2.7,https://www.cisco.com/c/en/us/solutions/small-business/resource-center/networking/networking-basics.html ; https://www.ibm.com/think/topics/block-storage
D076,237,237,rewrite,Both capacity and performance can motivate RAID 0; single-answer choice was ambiguous.,C121,raid0,3.4,https://www.dell.com/support/kbdoc/en-us/000128635/dell-servers-what-are-the-raid-levels-and-their-specifications
D077,237,237,merge,Increasing thickness plus poor runtime suggests swollen battery; stop use/charging.,C079,battery-swelling,5.4,https://www.dell.com/support/kbdoc/en-us/000128491/swollen-battery-information-and-guidance
D078,237,238,remove,Open pins need termination/cable diagnosis; toner does not repair opens and end type is unspecified.,,cable-open,,https://assets.ctfassets.net/82ripq7fjls2/1oSdlyujpaX3GrM0rir6Ge/91afb2be72785281e8fb4c0d9a70c6f4/CompTIA-A-220-1201-Exam-Objectives-3.0.pdf
D079,238,238,rewrite,Compatible USB Wi-Fi adapter can add newer band/security support if old adapter is incompatible; verify cause first.,C061,wifi-adapter,"1.1, 5.4",https://dl.dell.com/topicspdf/latitude-14-5420-laptop_owners-manual_en-us.pdf
D080,238,238,keep,Wrong locale/layout can map keys to unexpected characters; check configured layout before replacement.,C148,keyboard-layout,"1.1, 5.4",https://support.microsoft.com/en-US/Windows/Hardware/input-devices/mouse-and-keyboard-problems-in-windows
D081,239,239,merge,Partial loss of touch after impact warrants digitizer/input-path testing.,C074,digitizer,"1.1, 5.4",https://www.dell.com/support/kbdoc/en-us/000132121/how-to-troubleshoot-touchscreen-touch-panel-issues
D082,239,239,rewrite,Compatible guest OS/application virtualization can help legacy apps; Type 1 hypervisor alone does not ensure compatibility.,C187,legacy-vm,4.1,https://learn.microsoft.com/en-us/windows-server/virtualization/hyper-v/overview ; https://docs.oracle.com/en/virtualization/virtualbox/7.1/user/Introduction.html
D083,239,239,merge,Router forwards IP packets between networks.,C014,router,2.5,https://www.cisco.com/c/en/us/solutions/small-business/resource-center/networking/networking-basics.html
D084,239,240,remove,"Drum, transfer/charge path or cartridge installation can produce blanks; insufficient evidence for one part.",,laser-blank,,https://assets.ctfassets.net/82ripq7fjls2/1oSdlyujpaX3GrM0rir6Ge/91afb2be72785281e8fb4c0d9a70c6f4/CompTIA-A-220-1201-Exam-Objectives-3.0.pdf
D085,240,240,merge,Check signal cabling and selected input in changed room setup.,C132,video-cable,"3.1, 5.3",https://www.dell.com/support/kbdoc/en-tw/000132110/how-to-troubleshoot-a-dell-desktop-monitor?lang=en
D086,240,240,merge,Impact plus HDD clicking suggests mechanical damage; prioritize recovery before replacement.,C111,failing-drive,5.2,https://www.seagate.com/support/kb/my-system-reported-a-smart-error-on-the-drive-184619en/
D087,240,241,remove,Secure Boot need not be disabled for vendor-supported UEFI update; file format/device/procedure unspecified.,,firmware-usb,,https://assets.ctfassets.net/82ripq7fjls2/1oSdlyujpaX3GrM0rir6Ge/91afb2be72785281e8fb4c0d9a70c6f4/CompTIA-A-220-1201-Exam-Objectives-3.0.pdf
D088,241,241,merge,Scale server capacity for changing demand.,C179,elasticity,4.2,https://nvlpubs.nist.gov/nistpubs/Legacy/SP/nistspecialpublication800-145.pdf
D089,241,242,merge,Ask about infrastructure/account/configuration changes when prior service stops working.,C131,recent-changes,5.1,https://support.microsoft.com/en-us/windows/update-drivers-through-device-manager-in-windows-ec62f46c-ff14-c91d-eead-d7126dc1f7b6
D090,242,242,rewrite,ATX system needs multiple voltage rails and compatible connectors; 500 W cannot be proved sufficient from labels alone.,C096,psu-sizing,3.6,https://www.corsair.com/ww/en/p/psu/cp-9020170-na/vs-series-vs450-450-watt-80-plus-white-certified-psu-cp-9020170-na ; https://help.corsair.com/hc/en-us/articles/14641912717453-PSU-Efficiency-Ratings-Explained
D091,242,242,rewrite,802.11ax has higher theoretical peak than listed alternatives at maximum configuration; actual performance depends on mode.,C054,wifi-ax,2.2,https://www.cisco.com/c/en/us/support/docs/wireless/catalyst-9166-series-access-points/220526-configure-and-verify-wi-fi-6e-band-opera.html ; https://www.cisco.com/c/en/us/td/docs/wireless/controller/9800/technical-reference/wireless-rf-reference-guide.html
D092,242,243,keep,"DHCP provides client IP settings; gateway routes off-subnet traffic, with working ISP/routing required.",C005,dhcp-gateway,"2.4, 5.5",https://learn.microsoft.com/en-us/windows-server/networking/technologies/dhcp/dhcp-top
D093,243,243,merge,"Intermittent link up/down is flapping; identify underlying fault, not just symptom.",C036,port-flapping,5.5,https://www.cisco.com/c/en/us/support/docs/switches/catalyst-9500-series-switches/218397-troubleshoot-port-flaps-on-catalyst-9000.html
D094,243,244,merge,Authorized BYOD enrollment can apply corporate policies; device/app management scope depends on platform.,C067,mdm,1.3,https://learn.microsoft.com/en-us/intune/fundamentals/what-is-intune
D095,244,244,merge,Check DHCP reachability and valid lease.,C001,apipa,"2.6, 5.5",https://www.rfc-editor.org/rfc/rfc3927
D096,244,245,merge,Clock loss after power removal supports weak RTC battery; single wrong time alone has other causes.,C104,rtc-battery,"3.5, 5.1",https://i.dell.com/sites/csdocuments/Business_solutions_engineering-Docs_Documents/en/r815-tech-guide.pdf
D097,245,245,merge,Isolated test environment suits controlled research.,C186,sandbox,4.1,https://learn.microsoft.com/en-us/windows/security/application-security/application-isolation/windows-sandbox/windows-sandbox-configure-using-wsb-file
D098,245,246,merge,Touch offset suggests digitizer/calibration issue; do not replace before supported calibration/diagnosis.,C074,touch-calibration,"1.1, 5.4",https://www.dell.com/support/kbdoc/en-us/000132121/how-to-troubleshoot-touchscreen-touch-panel-issues
D099,246,246,rewrite,Older GPUs may use PCIe 6/8-pin power; modern connectors differ; CPU EPS 8-pin is not interchangeable.,C100,gpu-power,"3.5, 3.6",https://help.corsair.com/hc/en-us/articles/10700487373197-PSU-How-to-Avoid-Current-Overload-Connector-Issues
D100,246,246,rewrite,Test deployment in representative isolated environment; application virtualization is not itself proof of compatibility.,C186,sandbox,4.1,https://learn.microsoft.com/en-us/windows/security/application-security/application-isolation/windows-sandbox/windows-sandbox-configure-using-wsb-file
D101,246,246,merge,Wi-Fi hotspot shares active cellular service; USB tethering also possible but mere cable insufficient.,C068,hotspot,1.3,https://support.apple.com/en-us/111785
D102,247,247,merge,DHCP supplies client addressing parameters.,C002,dhcp,"2.3, 2.4",https://learn.microsoft.com/en-us/windows-server/networking/technologies/dhcp/dhcp-top
D103,247,247,keep,Install compatible wireless NIC/USB adapter for supported WLAN.,C061,wifi-adapter,"1.1, 5.4",https://dl.dell.com/topicspdf/latitude-14-5420-laptop_owners-manual_en-us.pdf
D104,247,247,merge,Router connects LAN to upstream network; modem/ONT depends on ISP medium.,C014,router,2.5,https://www.cisco.com/c/en/us/solutions/small-business/resource-center/networking/networking-basics.html
D105,247,247,remove,ITX form factor does not determine drive interface or RAID support; actual port/controller configuration absent.,,raid-interface,,https://assets.ctfassets.net/82ripq7fjls2/1oSdlyujpaX3GrM0rir6Ge/91afb2be72785281e8fb4c0d9a70c6f4/CompTIA-A-220-1201-Exam-Objectives-3.0.pdf
D106,247,248,merge,Check power/connector/form-factor compatibility before authorized installation with power disconnected.,C096,psu-sizing,3.6,https://www.corsair.com/ww/en/p/psu/cp-9020170-na/vs-series-vs450-450-watt-80-plus-white-certified-psu-cp-9020170-na ; https://help.corsair.com/hc/en-us/articles/14641912717453-PSU-Efficiency-Ratings-Explained
D107,248,248,rewrite,Discoloration may indicate damaged display; pressure/liquid/battery swelling can be underlying cause.,C133,display-damage,"5.3, 5.4",https://www.dell.com/support/kbdoc/en-tw/000132110/how-to-troubleshoot-a-dell-desktop-monitor?lang=en ; https://dl.dell.com/topicspdf/latitude-14-5420-laptop_owners-manual_en-us.pdf
D108,248,248,keep,Compatible mixed-speed RAM normally uses mutually supported speed/timings; 1066 MT/s if these modules/platform support it.,C088,mixed-ram,3.3,https://www.kingston.com/en/memory
D109,248,248,merge,Provisioned mobile wallet can use NFC at compatible terminal.,C065,nfc,"1.2, 2.2",https://nfc-forum.org/learn/nfc-technology/
D110,248,249,merge,Separate compatible VMs can host different browser versions for testing.,C187,vm-testing,4.1,https://learn.microsoft.com/en-us/windows-server/virtualization/hyper-v/overview ; https://docs.oracle.com/en/virtualization/virtualbox/7.1/user/Introduction.html
D111,249,249,keep,Default RDP port is 3389; modern RDP can use TCP and UDP.,C046,rdp,2.1,https://learn.microsoft.com/en-us/troubleshoot/windows-server/remote/ports-used-by-rds
D112,249,249,merge,Loss of touch after impact points to digitizer/input path.,C074,digitizer,"1.1, 5.4",https://www.dell.com/support/kbdoc/en-us/000132121/how-to-troubleshoot-touchscreen-touch-panel-issues
D113,249,250,keep,Using NVMe as data disk does not prove firmware can boot it; check UEFI/vendor support.,C108,nvme-boot,"3.5, 5.2",https://dl.dell.com/topicspdf/latitude-14-5420-laptop_owners-manual_en-us.pdf
D114,250,250,merge,Client virtualization can preserve compatible legacy OS/application environment.,C187,legacy-vm,4.1,https://learn.microsoft.com/en-us/windows-server/virtualization/hyper-v/overview ; https://docs.oracle.com/en/virtualization/virtualbox/7.1/user/Introduction.html
D127,253,253,merge,Client virtualization can preserve compatible legacy OS/application environment.,C187,legacy-vm,4.1,https://learn.microsoft.com/en-us/windows-server/virtualization/hyper-v/overview ; https://docs.oracle.com/en/virtualization/virtualbox/7.1/user/Introduction.html
D115,250,250,rewrite,TCP uses ports to multiplex applications; it has an IP protocol number rather than one fixed service port.,C048,tcp-udp,2.1,https://www.rfc-editor.org/rfc/rfc9293 ; https://www.rfc-editor.org/rfc/rfc768
D116,250,250,merge,"Verify heatsink mounting, paste/pad and fan connection after CPU replacement.",C103,thermal-paste,"3.5, 5.1",https://www.dell.com/support/kbdoc/en-us/000130867/how-to-troubleshoot-a-overheating-shutdown-or-thermal-issue-on-a-dell-pc ; https://www.intel.com/content/www/us/en/gaming/resources/how-to-apply-thermal-paste.html
D117,250,250,rewrite,Known-good adapter narrows charging path but battery/board faults remain; inspect port before replacement.,C080,charging-port,5.4,https://support.apple.com/en-us/108805
D118,251,251,remove,Already partitioned/formatted disk may need drive letter; initialize key contradicts stem and is Core 2 task.,,disk-management,,https://assets.ctfassets.net/82ripq7fjls2/1oSdlyujpaX3GrM0rir6Ge/91afb2be72785281e8fb4c0d9a70c6f4/CompTIA-A-220-1201-Exam-Objectives-3.0.pdf
D119,251,251,rewrite,Impact supports multipart carbon/carbonless forms; not universally cheapest for arbitrary duplicate documents.,C153,impact-ribbon,3.8,https://files.support.epson.com/htmldocs/lx50__/lx50__ug/paper_2.htm
D120,251,251,keep,Supported firmware update fixes known vulnerabilities; also secure access and unnecessary services.,C107,printer-firmware,"3.5, 3.7",https://ftp.hp.com/pub/softlib/software13/printers/E62655_65_75/readme_E62655_65_75_fs4.pdf
D121,251,251,keep,Failure to pull paper from tray suggests pickup/feed roller or media/guide problem.,C161,pickup-roller,"3.8, 5.6",https://download.brother.com/welcome/doc002441/hl5380dn_ukeng_usr_b.pdf
D122,251,252,rewrite,"Check data-capable cable, unlock/trust/file-transfer mode and MDM policy before reinstalling OS.",C086,mobile-usb,1.2,https://support.apple.com/guide/iphone/connect-iphone-and-your-computer-with-a-cable-iph42d9b3178/ios
D123,252,252,merge,Two-disk mirror provides single-disk fault tolerance.,C122,raid1,3.4,https://www.dell.com/support/kbdoc/en-us/000128635/dell-servers-what-are-the-raid-levels-and-their-specifications
D124,252,252,remove,"Transfer/imaging components, density settings and toner can cause faint output; unique replacement not established.",,laser-faint,,https://assets.ctfassets.net/82ripq7fjls2/1oSdlyujpaX3GrM0rir6Ge/91afb2be72785281e8fb4c0d9a70c6f4/CompTIA-A-220-1201-Exam-Objectives-3.0.pdf
D125,252,252,merge,Review controller logs/member status before reseating or rebuilding.,C126,raid-health,5.2,https://downloads.dell.com/topicspdf/poweredge-rc-h740p_Users-Guide_en-us.pdf
D126,252,253,rewrite,USB flash drive is portable removable storage; largest/cheapest depends on capacity and prices.,C116,flash-drive,3.4,https://www.kingston.com/en/embedded
D128,253,253,merge,VPN creates authorized remote-network connectivity.,C040,vpn,"2.6, 1.3",https://csrc.nist.gov/glossary/term/virtual_private_network
D129,253,253,rewrite,All-dielectric fiber resists EMI and ground potential issues; sharing power conduit requires applicable code approval.,C032,fiber-emi,3.2,https://www.thefoa.org/tech/ref/basic/fiber.html
D130,254,254,merge,USB-C dock connection needs supported video/data/power capabilities; shape alone insufficient.,C146,dock,"1.2, 5.4",https://www.dell.com/support/kbdoc/en-us/000124295/guide-to-dell-docking-stations
D131,254,254,merge,Adjust focus for uniformly soft image.,C141,projector-focus,5.3,https://files.support.epson.com/docid/cpd5/cpd51854/source/troubleshooting/reference/problem_image_blurry_no_auto_keystone.html
D132,254,254,remove,3D warping has multiple material/temperature/adhesion causes; outside current printer scope.,,3d-printer,,https://assets.ctfassets.net/82ripq7fjls2/1oSdlyujpaX3GrM0rir6Ge/91afb2be72785281e8fb4c0d9a70c6f4/CompTIA-A-220-1201-Exam-Objectives-3.0.pdf
D133,254,254,merge,Provide compatible vendor-approved charger with required USB Power Delivery profiles and rated cable.,C081,charger-rating,"1.2, 5.4",https://www.dell.com/support/kbdoc/en-au/000125125/how-to-troubleshoot-ac-adapter-issues ; https://www.usb.org/usb-charger-pd
D134,254,255,rewrite,"Use manufacturer-approved cleaning method; dry air for debris or lightly damp approved cloth as specified, never soak.",C148,keyboard-clean,"1.1, 5.4",https://support.microsoft.com/en-US/Windows/Hardware/input-devices/mouse-and-keyboard-problems-in-windows
D135,255,255,keep,External touch display may need separate USB data plus video; inspect both connections.,C133,touch-display-cable,"5.3, 5.4",https://www.dell.com/support/kbdoc/en-tw/000132110/how-to-troubleshoot-a-dell-desktop-monitor?lang=en ; https://dl.dell.com/topicspdf/latitude-14-5420-laptop_owners-manual_en-us.pdf
D136,255,255,keep,AP encourages capable clients toward suitable band; final association behavior is client-dependent.,C063,band-steering,2.2,https://www.cisco.com/c/en/us/td/docs/wireless/controller/9800/26-1/configuration-guide/wl-26-1-cg/configuring-802-11-parameters-and-band-selection/information-about-configuring-band-selection.html
D137,255,255,remove,Older laptop alone does not prove wireless-card bottleneck; test link/storage/CPU first.,,download-slow,,https://assets.ctfassets.net/82ripq7fjls2/1oSdlyujpaX3GrM0rir6Ge/91afb2be72785281e8fb4c0d9a70c6f4/CompTIA-A-220-1201-Exam-Objectives-3.0.pdf
D138,256,256,rewrite,Use approved driver deployment/admin management under current Windows policy; server driver presence alone may not permit non-admin install.,C167,printer-deploy,3.7,https://support.microsoft.com/en-US/Windows/hardware/printer/share-a-printer-as-a-network-printer
D139,256,256,merge,Reducing screen brightness often reduces energy use.,C078,battery-runtime,5.4,https://support.apple.com/en-us/101575
D140,256,256,merge,IaaS offers compute/storage/network infrastructure with customer-managed guest software.,C174,iaas,4.2,https://azure.microsoft.com/en-us/resources/cloud-computing-dictionary/what-are-iaas-paas-and-saas
D141,256,257,rewrite,Test known-good compliant cable/charger and inspect port; new cable timing suggests but does not prove noncompliance.,C081,charger-rating,"1.2, 5.4",https://www.dell.com/support/kbdoc/en-au/000125125/how-to-troubleshoot-ac-adapter-issues ; https://www.usb.org/usb-charger-pd
D142,257,257,merge,"Check UEFI boot menu/order, USB permissions and supported media; do not blanket-disable Secure Boot.",C108,boot-order,"3.5, 5.2",https://dl.dell.com/topicspdf/latitude-14-5420-laptop_owners-manual_en-us.pdf
D143,257,257,keep,Some cleaning/lamp reminders use elapsed-use counters; reset only after required service per manual.,C142,projector-counter,5.3,https://download.epson.com.sg/manuals/Projector%20Safety%20Instruction_Safety_412792200EN.pdf
D144,257,258,rewrite,"After non-destructive array creation, initialize/partition/format new logical disk as needed; never format existing data unintentionally.",C128,raid-volume,"3.4, 5.2",https://www.intel.com/content/www/us/en/support/articles/000005867/technologies.html
D145,258,258,merge,Identify changes since last working state before broad updates.,C131,recent-changes,5.1,https://support.microsoft.com/en-us/windows/update-drivers-through-device-manager-in-windows-ec62f46c-ff14-c91d-eead-d7126dc1f7b6
D146,258,258,remove,"Ping/traceroute can show delay/reachability, not subnet mask; no valid requested two-option pair.",,network-tests,,https://assets.ctfassets.net/82ripq7fjls2/1oSdlyujpaX3GrM0rir6Ge/91afb2be72785281e8fb4c0d9a70c6f4/CompTIA-A-220-1201-Exam-Objectives-3.0.pdf
D147,258,259,merge,SSH provides encrypted remote terminal management; it is not itself a whole-network VPN.,C045,secure-ports,2.1,https://www.iana.org/assignments/service-names-port-numbers/service-names-port-numbers.xhtml ; https://www.rfc-editor.org/rfc/rfc4251 ; https://www.rfc-editor.org/rfc/rfc8314
D148,259,259,rewrite,"Common structured Ethernet channel max is 328 ft, permanent link 295 ft; speed/category-specific exceptions such as Cat 6 10G apply.",C029,copper-length,3.2,https://jp.flukenetworks.com/knowledge-base/dtx-cableanalyzer/release-notes-version-278-dtx-cableanalyzer
D149,259,259,rewrite,PAN centers on personal nearby devices and may be wired or wireless; LAN serves local area.,C039,pan,2.7,https://www.cisco.com/c/en/us/solutions/small-business/resource-center/networking/networking-basics.html ; https://www.ibm.com/think/topics/block-storage
D150,259,259,merge,Verify dock/laptop power and connections after absence before reinstalling system.,C146,dock-network,"1.2, 5.4",https://www.dell.com/support/kbdoc/en-us/000124295/guide-to-dell-docking-stations
D151,259,259,remove,Several controls improve security; no evidence justifies exactly two; MFA taxonomy primarily Core 2.,,mobile-security,,https://assets.ctfassets.net/82ripq7fjls2/1oSdlyujpaX3GrM0rir6Ge/91afb2be72785281e8fb4c0d9a70c6f4/CompTIA-A-220-1201-Exam-Objectives-3.0.pdf
D152,260,260,merge,Require integrated distinct cloud infrastructures; physical plus cloud VM alone does not establish full definition.,C178,hybrid-cloud,4.2,https://nvlpubs.nist.gov/nistpubs/Legacy/SP/nistspecialpublication800-145.pdf
D153,260,260,merge,"Two-sided printing reduces paper use for multi-page jobs, not necessarily toner.",C160,duplex,3.7,https://download.brother.com/welcome/doc002441/hl5380dn_ukeng_usr_b.pdf
D154,260,260,merge,Drum contamination/damage can cause streaks; diagnose before replacing.,C157,laser-lines,5.6,https://support.hp.com/ca-en/document/ish_6747730-6747774-16
D155,260,261,merge,Increasing reallocated sectors warrants protecting data and evaluating drive replacement; formatting is not repair of failing media.,C110,smart-data,5.2,https://www.seagate.com/support/kb/my-system-reported-a-smart-error-on-the-drive-184619en/
D156,261,261,merge,Verify CPU/firmware support along with RAM/storage; no universal first hardware check.,C184,virtualization-enable,"4.1, 3.5",https://learn.microsoft.com/en-us/windows-server/virtualization/hyper-v/host-hardware-requirements
D157,261,261,keep,Nozzle check and approved cleaning can clear clogged inkjet nozzles causing missing bands.,C171,inkjet-head,"3.8, 5.6",https://files.support.epson.com/docid/cpd4/cpd40326/source/printers/source/troubleshooting/reference/problem_faint.html ; https://files.support.epson.com/docid/cpd6/cpd65049/source/pro_graphics/source/maintenance/concepts/print_head_alignment_scf9570.html
D158,261,261,merge,Authenticated release keeps confidential pages from unattended output tray.,C168,secure-print,3.7,https://support.hp.com/us-en/document/c05500352
D159,261,262,keep,"Drive must fit bay and match connector/interface, thickness, power and firmware support.",C113,drive-fit,3.4,https://www.kingston.com/en/ssd/ssd-faq
D160,262,262,remove,No temperatures/thermal design establish liquid as best; overclocking cannot be made risk-free by cooler choice.,,gpu-cooling,,https://assets.ctfassets.net/82ripq7fjls2/1oSdlyujpaX3GrM0rir6Ge/91afb2be72785281e8fb4c0d9a70c6f4/CompTIA-A-220-1201-Exam-Objectives-3.0.pdf
D161,262,262,merge,MDM centrally applies supported device/app policies.,C067,mdm,1.3,https://learn.microsoft.com/en-us/intune/fundamentals/what-is-intune
D162,262,263,remove,Native install failure could be dependencies/OS/license; no evidence isolates license type.,,app-launch,,https://assets.ctfassets.net/82ripq7fjls2/1oSdlyujpaX3GrM0rir6Ge/91afb2be72785281e8fb4c0d9a70c6f4/CompTIA-A-220-1201-Exam-Objectives-3.0.pdf
D163,263,263,rewrite,M.2 SSD requires supported slot; many laptops instead use 2.5-inch SATA bay or soldered storage.,C113,m2,3.4,https://www.kingston.com/en/ssd/ssd-faq
D164,263,263,merge,Intermittent charging may involve jack or board; verify known-good adapter and battery health.,C080,charging-port,5.4,https://support.apple.com/en-us/108805
D165,263,263,keep,IaaS generally gives most guest-stack control among listed service models; provider still manages physical infrastructure.,C181,cloud-responsibility,4.2,https://learn.microsoft.com/en-us/azure/security/fundamentals/shared-responsibility
D166,263,264,merge,Calibrate after relevant service when colors/register are wrong; inspect installation too.,C171,printer-calibration,"3.8, 5.6",https://files.support.epson.com/docid/cpd4/cpd40326/source/printers/source/troubleshooting/reference/problem_faint.html ; https://files.support.epson.com/docid/cpd6/cpd65049/source/pro_graphics/source/maintenance/concepts/print_head_alignment_scf9570.html
D167,264,264,merge,Remote managed desktops can serve approved personal devices; security depends on configuration.,C189,vdi,4.1,https://learn.microsoft.com/en-us/azure/virtual-desktop/overview ; https://learn.microsoft.com/en-us/windows/application-management/app-v/appv-for-windows
D168,264,264,remove,"Shielding, length and Ethernet standard missing; Cat 7 is not universally best and labeling may be misleading.",,cable-ranking,,https://assets.ctfassets.net/82ripq7fjls2/1oSdlyujpaX3GrM0rir6Ge/91afb2be72785281e8fb4c0d9a70c6f4/CompTIA-A-220-1201-Exam-Objectives-3.0.pdf
D169,264,264,merge,Verify compatible security mode/authentication in addition to SSID/password.,C059,wifi-credentials,"2.6, 5.5",https://support.apple.com/en-us/102766
D170,264,265,keep,172.16.0.0 through 172.31.255.255 is RFC1918 private range.,C008,rfc1918,2.6,https://www.rfc-editor.org/rfc/rfc1918
D171,265,265,remove,Core 2 malware symptoms and rote troubleshooting step.,,methodology,,https://assets.ctfassets.net/82ripq7fjls2/1oSdlyujpaX3GrM0rir6Ge/91afb2be72785281e8fb4c0d9a70c6f4/CompTIA-A-220-1201-Exam-Objectives-3.0.pdf
D172,265,265,remove,PLA filament trivia outside current listed printer scope.,,3d-printer,,https://assets.ctfassets.net/82ripq7fjls2/1oSdlyujpaX3GrM0rir6Ge/91afb2be72785281e8fb4c0d9a70c6f4/CompTIA-A-220-1201-Exam-Objectives-3.0.pdf
D173,265,266,merge,DHCP dynamically supplies address/settings.,C002,dhcp,"2.3, 2.4",https://learn.microsoft.com/en-us/windows-server/networking/technologies/dhcp/dhcp-top
D174,266,266,merge,SaaS provider generally patches delivered application; customer retains account/data responsibilities.,C181,cloud-responsibility,4.2,https://learn.microsoft.com/en-us/azure/security/fundamentals/shared-responsibility
D175,266,266,merge,Measure signal/range and compare known-good locations/devices before replacing router.,C060,wifi-isolate,5.5,https://www.cisco.com/c/en/us/support/docs/wireless/wireless-lan-controller-software/220877-troubleshoot-wireless-speed-issues.pdf
D176,266,266,rewrite,Windows Hello supports supported face/fingerprint sign-in; use Core 1 hardware distinction rather than full OS policy setup.,C077,biometrics,1.1,https://learn.microsoft.com/en-us/windows/security/identity-protection/hello-for-business/
D177,266,267,rewrite,Remote application hosting is not necessarily SaaS; distinguish delivery architecture from provider service model.,C189,app-virtualization,4.1,https://learn.microsoft.com/en-us/azure/virtual-desktop/overview ; https://learn.microsoft.com/en-us/windows/application-management/app-v/appv-for-windows
D178,267,267,remove,"Core 2 mouse UI preference, not a Core 1 hardware fault.",,pointer-trails,,https://assets.ctfassets.net/82ripq7fjls2/1oSdlyujpaX3GrM0rir6Ge/91afb2be72785281e8fb4c0d9a70c6f4/CompTIA-A-220-1201-Exam-Objectives-3.0.pdf
D179,267,267,rewrite,Use media within printer weight/thickness specifications and correct tray/profile; replacing rollers is not first assumption.,C163,paper-type,"3.7, 5.6",https://h10032.www1.hp.com/ctg/Manual/c05786470.pdf
D180,267,267,remove,Core 2 OS recovery/change workflow.,,os-rollback,,https://assets.ctfassets.net/82ripq7fjls2/1oSdlyujpaX3GrM0rir6Ge/91afb2be72785281e8fb4c0d9a70c6f4/CompTIA-A-220-1201-Exam-Objectives-3.0.pdf
D181,267,268,remove,Biometrics and tokens can both strengthen authentication; no unique answer and Core 2 focus.,,mfa,,https://assets.ctfassets.net/82ripq7fjls2/1oSdlyujpaX3GrM0rir6Ge/91afb2be72785281e8fb4c0d9a70c6f4/CompTIA-A-220-1201-Exam-Objectives-3.0.pdf
D182,268,268,rewrite,Embedded flash often appears in low-cost devices; cannot guarantee lowest total price/performance suitability.,C116,emmc,3.4,https://www.kingston.com/en/embedded
D183,268,268,merge,Firewall filters traffic under configured policy.,C019,firewall,"2.5, 5.5",https://nvlpubs.nist.gov/nistpubs/Legacy/SP/nistspecialpublication800-41r1.pdf
D184,268,268,rewrite,Swap known-good patch cable as low-impact isolation after checking link/errors; not guaranteed cure.,C025,cable-test,"2.8, 5.5",https://www.flukenetworks.com/blog/cabling-chronicles/wire-map-testing-it-s-not-all-about-color
D185,268,269,merge,Review crash/events and temperatures before replacing parts.,C049,logs,"2.3, 5.5",https://www.rfc-editor.org/rfc/rfc5424
D186,269,269,remove,Rote verify-after-fix sequence not current tested methodology.,,methodology,,https://assets.ctfassets.net/82ripq7fjls2/1oSdlyujpaX3GrM0rir6Ge/91afb2be72785281e8fb4c0d9a70c6f4/CompTIA-A-220-1201-Exam-Objectives-3.0.pdf
D187,269,269,rewrite,Self-encrypting drive encrypts internally when correctly managed; protect keys and require authentication.,C129,sed,3.4,https://www.seagate.com/files/staticfiles/support/docs/manual/Interface%20manuals/100515636c.pdf
D188,269,269,keep,Persistent old image may be retention/burn-in; distinguish temporary retention from permanent damage.,C135,burn-in,"3.1, 5.3",https://support.apple.com/en-us/109039
D189,269,270,merge,Repeated time loss after power removal supports weak RTC/CMOS battery.,C104,rtc-battery,"3.5, 5.1",https://i.dell.com/sites/csdocuments/Business_solutions_engineering-Docs_Documents/en/r815-tech-guide.pdf
D190,270,270,remove,Rote next troubleshooting step outside current tested scope.,,methodology,,https://assets.ctfassets.net/82ripq7fjls2/1oSdlyujpaX3GrM0rir6Ge/91afb2be72785281e8fb4c0d9a70c6f4/CompTIA-A-220-1201-Exam-Objectives-3.0.pdf
D191,270,270,merge,"192.168.1.56 is private, but must also match actual subnet and be unused.",C008,rfc1918,2.6,https://www.rfc-editor.org/rfc/rfc1918
D192,270,270,merge,SSH encrypts remote management session; use supported secure configuration.,C045,secure-ports,2.1,https://www.iana.org/assignments/service-names-port-numbers/service-names-port-numbers.xhtml ; https://www.rfc-editor.org/rfc/rfc4251 ; https://www.rfc-editor.org/rfc/rfc8314
D193,270,271,rewrite,Test compatible cable/port and negotiated USB mode; slow source disk/file mix also affect backup speed.,C143,usb-speed,3.2,https://www.usb.org/sites/default/files/usb_type-c_language_product_and_packaging_guidelines_20230320.pdf ; https://www.usb.org/usb-32-0
D194,271,271,merge,Compatible PCIe/NVMe SSD offers higher interface throughput than SATA alternatives; workload matters.,C114,nvme,"3.2, 3.4",https://www.kingston.com/en/ssd/ssd-faq ; https://www.kingston.com/en/ssd/ssd-faq
D195,271,272,merge,Trace unlabeled twisted-pair cable.,C024,tone-probe,2.8,https://www.flukenetworks.com/datacom-cabling/copper-testing/IntelliTone-Pro-Toner-and-Probe
D196,272,272,merge,Compatible biometric reader enables enrolled-user authentication under policy.,C077,biometrics,1.1,https://learn.microsoft.com/en-us/windows/security/identity-protection/hello-for-business/
D197,272,273,merge,Confirm pairing and requested passkey/PIN if method requires it; many devices use other association methods.,C064,bluetooth-pair,"1.2, 1.3",https://support.microsoft.com/en-us/windows/pair-a-bluetooth-device-in-windows-2be7b51f-6ae9-b757-a3b9-95ee40c3e242
D198,273,273,keep,"Permanent jack label should map to documented cable/patch-panel termination, not changing client or VLAN.",C024,cable-label,2.8,https://www.flukenetworks.com/datacom-cabling/copper-testing/IntelliTone-Pro-Toner-and-Probe
D199,273,273,remove,Duplicate D029 with same insufficient isolation of cable versus display electronics.,,display-fault,,https://assets.ctfassets.net/82ripq7fjls2/1oSdlyujpaX3GrM0rir6Ge/91afb2be72785281e8fb4c0d9a70c6f4/CompTIA-A-220-1201-Exam-Objectives-3.0.pdf
D200,273,274,keep,Authorized available Wi-Fi or compatible USB Ethernet can restore connectivity while failed port awaits repair.,C062,wifi-fallback,"1.3, 5.4",https://support.microsoft.com/en-us/windows/experience/connectivity-networking/essential-network-settings-and-tasks-in-windows
E001,275,275,keep,Windows ipconfig shows local IP configuration for addressing diagnosis; not a repair by itself.,C010,ipconfig,5.5,https://learn.microsoft.com/en-us/windows-server/administration/windows-commands/ipconfig
E002,275,275,merge,Usage is measured and billed according to service terms.,C179,metered,4.2,https://nvlpubs.nist.gov/nistpubs/Legacy/SP/nistspecialpublication800-145.pdf
E003,275,276,merge,Toner/imaging cartridge may cause lines; confirm model and cleaning guidance first.,C157,laser-lines,5.6,https://support.hp.com/ca-en/document/ish_6747730-6747774-16
E004,276,276,keep,Grinding cooling fan plus measured overheating warrants fan inspection/replacement and safe shutdown.,C103,fan-failure,"3.5, 5.1",https://www.dell.com/support/kbdoc/en-us/000130867/how-to-troubleshoot-a-overheating-shutdown-or-thermal-issue-on-a-dell-pc ; https://www.intel.com/content/www/us/en/gaming/resources/how-to-apply-thermal-paste.html
E005,276,276,merge,Cooling obstruction or fan failure can cause timed thermal shutdown and cooldown.,C142,projector-heat,5.3,https://download.epson.com.sg/manuals/Projector%20Safety%20Instruction_Safety_412792200EN.pdf
E006,277,277,merge,Check radio enabled and home network association; docked wired success does not prove Wi-Fi path.,C062,wifi-radio,"1.3, 5.4",https://support.microsoft.com/en-us/windows/experience/connectivity-networking/essential-network-settings-and-tasks-in-windows
E007,277,277,rewrite,"Replacing damaged patch cable is often preferable; retermination needs compatible plug, stripper/crimper and testing.",C026,crimper,"2.8, 3.2",https://data.kleintools.com/sites/kleintools/files/tool-catalog/82820_TelecomCatalog.pdf
E008,277,278,keep,UDP is connectionless and lacks built-in delivery/order guarantees.,C048,udp,2.1,https://www.rfc-editor.org/rfc/rfc9293 ; https://www.rfc-editor.org/rfc/rfc768
E009,278,278,merge,Supported ECC improves memory error resilience; DDR5 and ECC can coexist.,C089,ecc,3.3,https://www.intel.com/content/www/us/en/support/articles/000100193/processors/intel-xeon-processors.html
E010,278,279,keep,Worn separation pad and pickup/feed rollers can cause multiple-sheet feeds; inspect media too.,C161,separation-pad,"3.8, 5.6",https://download.brother.com/welcome/doc002441/hl5380dn_ukeng_usr_b.pdf
E011,279,279,remove,Vendor LED pattern is unspecified; cannot infer failed lamp over temperature/input faults.,,projector-led,,https://assets.ctfassets.net/82ripq7fjls2/1oSdlyujpaX3GrM0rir6Ge/91afb2be72785281e8fb4c0d9a70c6f4/CompTIA-A-220-1201-Exam-Objectives-3.0.pdf
E012,279,280,merge,Verify wireless adapter exists/enabled before assuming WLAN support in old workstation.,C061,wifi-adapter,"1.1, 5.4",https://dl.dell.com/topicspdf/latitude-14-5420-laptop_owners-manual_en-us.pdf
E013,280,280,merge,SSD has no moving parts; rugged enclosure and backups still needed.,C112,ssd-shock,3.4,https://www.kingston.com/en/ssd/desktop-laptop-workstations
E014,280,281,rewrite,Legacy guest may support software but physical hardware passthrough/drivers must also work; not guaranteed solution.,C187,legacy-vm,4.1,https://learn.microsoft.com/en-us/windows-server/virtualization/hyper-v/overview ; https://docs.oracle.com/en/virtualization/virtualbox/7.1/user/Introduction.html
E015,281,281,merge,DNS commonly resolves names to IP records.,C011,dns,"2.3, 2.4",https://learn.microsoft.com/en-us/windows-server/networking/dns/dns-overview ; https://learn.microsoft.com/en-us/windows-server/networking/dns/dns-architecture
E018,282,282,merge,DNS commonly resolves names to IP records.,C011,dns,"2.3, 2.4",https://learn.microsoft.com/en-us/windows-server/networking/dns/dns-overview ; https://learn.microsoft.com/en-us/windows-server/networking/dns/dns-architecture
E016,281,282,remove,Network bottleneck and degraded storage both plausible; no evidence makes RAID LEDs uniquely first.,,fileshare-slow,,https://assets.ctfassets.net/82ripq7fjls2/1oSdlyujpaX3GrM0rir6Ge/91afb2be72785281e8fb4c0d9a70c6f4/CompTIA-A-220-1201-Exam-Objectives-3.0.pdf
E017,282,282,merge,"Inspect cooler mounting, paste and fan connection if temperatures rise after build.",C103,thermal-paste,"3.5, 5.1",https://www.dell.com/support/kbdoc/en-us/000130867/how-to-troubleshoot-a-overheating-shutdown-or-thermal-issue-on-a-dell-pc ; https://www.intel.com/content/www/us/en/gaming/resources/how-to-apply-thermal-paste.html
E019,282,283,keep,HA uses redundancy/failover for availability; elasticity adapts capacity to demand; immediate failover is not automatic guarantee.,C180,ha-elasticity,4.2,https://learn.microsoft.com/en-us/azure/reliability/concept-business-continuity-high-availability-disaster-recovery
E020,283,283,merge,Compatible M.2 PCIe/NVMe SSD among listed options; verify laptop interface and physical fit.,C114,nvme,"3.2, 3.4",https://www.kingston.com/en/ssd/ssd-faq ; https://www.kingston.com/en/ssd/ssd-faq
E021,283,284,merge,Pay-as-you-go commonly bills measured consumption; other plans can also meter usage.,C179,metered,4.2,https://nvlpubs.nist.gov/nistpubs/Legacy/SP/nistspecialpublication800-145.pdf
E022,284,284,rewrite,Client architecture/OS requires compatible supported driver; do not assume all legacy clients are 32-bit or recommend unsupported OS.,C164,printer-driver,"3.7, 5.6",https://support.hp.com/ca-en/document/c03265802
E023,284,285,rewrite,"If write speed is storage-bound, compatible SSD may help; measure bottleneck first.",C112,ssd-upgrade,3.4,https://www.kingston.com/en/ssd/desktop-laptop-workstations
E024,285,285,merge,RFID/NFC credentials can support door access; authorization remains controller-side.,C066,rfid,2.2,https://support.gs1.org/support/solutions/articles/43000733398-what-is-the-difference-between-passive-and-active-tags-
E025,285,286,merge,Illumination fault explains faint LCD image; inverter only applies to CCFL designs.,C134,backlight,"3.1, 5.3",https://www.dell.com/support/kbdoc/en-us/000134946/how-to-troubleshoot-display-or-video-issues-on-dell-laptop-lcd-panel
E026,286,286,merge,Check local power/band rules plus line of sight and link budget.,C057,wifi-regulations,2.2,https://www.cisco.com/c/en/us/td/docs/wireless/controller/9800/technical-reference/wireless-rf-reference-guide.html
E027,286,287,merge,Verify compatible graphics/dock drivers and supported OS after upgrade.,C131,vendor-driver,5.1,https://support.microsoft.com/en-us/windows/update-drivers-through-device-manager-in-windows-ec62f46c-ff14-c91d-eead-d7126dc1f7b6
E028,287,287,merge,DHCP options can distribute DNS server addresses.,C002,dhcp-options,"2.3, 2.4",https://learn.microsoft.com/en-us/windows-server/networking/technologies/dhcp/dhcp-top
E029,287,288,merge,"Match generation/form factor/voltage and supported capacity/population, not necessarily brand.",C088,ram-compatibility,3.3,https://www.kingston.com/en/memory
E030,288,288,keep,AAAA maps hostname to IPv6 address.,C011,dns-aaaa,"2.3, 2.4",https://learn.microsoft.com/en-us/windows-server/networking/dns/dns-overview ; https://learn.microsoft.com/en-us/windows-server/networking/dns/dns-architecture
E031,288,288,merge,Check seating and manual-specified slots; isolate modules before replacing board.,C092,ram-detection,"3.3, 5.1",https://www.kingston.com/en/memory
E032,288,289,rewrite,FTP needs control on TCP 21 and mode-dependent data ports; opening port 20 alone is insufficient.,C043,ftp,2.1,https://www.rfc-editor.org/rfc/rfc959
E033,289,289,remove,"Key is wrong: technician skipped testing theory, not forming it; rote process outside current scope.",,methodology,,https://assets.ctfassets.net/82ripq7fjls2/1oSdlyujpaX3GrM0rir6Ge/91afb2be72785281e8fb4c0d9a70c6f4/CompTIA-A-220-1201-Exam-Objectives-3.0.pdf
E034,289,290,keep,Fiber carries modulated light; both single-mode and multimode exist.,C032,fiber,3.2,https://www.thefoa.org/tech/ref/basic/fiber.html
E035,290,290,merge,Require PIN/badge authenticated release for confidential jobs.,C168,secure-print,3.7,https://support.hp.com/us-en/document/c05500352
E036,290,290,rewrite,"Panel, cable or GPU may cause colored lines; isolate with external display/known-good path before replacement.",C133,display-lines,"5.3, 5.4",https://www.dell.com/support/kbdoc/en-tw/000132110/how-to-troubleshoot-a-dell-desktop-monitor?lang=en ; https://dl.dell.com/topicspdf/latitude-14-5420-laptop_owners-manual_en-us.pdf
E037,290,291,merge,Digitizer registers touch input.,C074,digitizer,"1.1, 5.4",https://www.dell.com/support/kbdoc/en-us/000132121/how-to-troubleshoot-touchscreen-touch-panel-issues
E038,291,291,merge,Match app/driver default paper size with loaded media; per-document overrides may apply.,C163,paper-size,"3.7, 5.6",https://h10032.www1.hp.com/ctg/Manual/c05786470.pdf
E039,291,291,rewrite,"Fan movement does not prove valid PSU rails; inspect diagnostic codes, power and RAM systematically.",C094,no-post,5.1,https://www.dell.com/support/kbdoc/en-ca/000126068/how-to-diagnose-and-resolve-common-memory-issues-on-a-dell-desktop-pc
E040,291,292,remove,Typical modern phone has no CCFL inverter; options do not support a reliable diagnosis.,,phone-inverter,,https://assets.ctfassets.net/82ripq7fjls2/1oSdlyujpaX3GrM0rir6Ge/91afb2be72785281e8fb4c0d9a70c6f4/CompTIA-A-220-1201-Exam-Objectives-3.0.pdf
E041,292,292,rewrite,Disconnect mains and follow ESD precautions before replacing complete PSU; never open its enclosure.,C097,psu-safety,"3.6, 5.1",https://www.dell.com/support/manuals/en-in/latitude-5420-laptop/5420_sp14_sm/safety-precautions?guid=guid-30eeebf7-b61e-422e-bf3e-75335ec500e3&lang=en-us
E042,292,292,rewrite,Fiber supports high-rate links over distance with matching optics; medium alone does not set actual speed.,C032,fiber,3.2,https://www.thefoa.org/tech/ref/basic/fiber.html
E043,292,293,merge,Choose SODIMM DDR5 only if model supports it; not all laptop memory is replaceable.,C090,sodimm,3.3,https://www.kingston.com/en/memory
E044,293,293,merge,HDD clicking plus slow startup suggests mechanical failure; protect data.,C111,failing-drive,5.2,https://www.seagate.com/support/kb/my-system-reported-a-smart-error-on-the-drive-184619en/
E045,293,294,merge,Reservation supplies consistent IP through DHCP; preserve DHCP configuration across reboot.,C003,dhcp-reservation,"2.4, 3.7",https://learn.microsoft.com/en-us/windows-server/networking/technologies/dhcp/dhcp-scopes
E046,294,294,merge,MX names mail exchanger; AAA is not the IPv6 AAAA record.,C011,dns-mx,"2.3, 2.4",https://learn.microsoft.com/en-us/windows-server/networking/dns/dns-overview ; https://learn.microsoft.com/en-us/windows-server/networking/dns/dns-architecture
E047,294,294,merge,"TCP 21 is FTP control, with separate data connection.",C043,ftp,2.1,https://www.rfc-editor.org/rfc/rfc959
E048,294,295,keep,Job waiting for manual feed/media can block queue; check display and job requirements.,C162,manual-feed,5.6,https://help.brother-usa.com/app/answers/detail/a_id/182556/~/jam-error-messages
E049,295,295,merge,Safely stop/disconnect power then inspect under approved procedure; warranty/service may require vendor handling.,C097,burning-smell,"3.6, 5.1",https://www.dell.com/support/manuals/en-in/latitude-5420-laptop/5420_sp14_sm/safety-precautions?guid=guid-30eeebf7-b61e-422e-bf3e-75335ec500e3&lang=en-us
E050,295,295,remove,No evidence isolates NIC; loopback alone cannot diagnose all individual internet failures.,,network-diagnosis,,https://assets.ctfassets.net/82ripq7fjls2/1oSdlyujpaX3GrM0rir6Ge/91afb2be72785281e8fb4c0d9a70c6f4/CompTIA-A-220-1201-Exam-Objectives-3.0.pdf
E051,295,296,rewrite,Managed switch configures VLAN membership; cross-VLAN access requires routing and allowed policy.,C016,vlan-routing,2.4,https://www.cisco.com/c/en/us/td/docs/switches/lan/catalyst6500/ios/12-2SX/configuration/guide/book/vlans.html
E052,296,296,merge,Disconnect safely before inspecting damaged cable/PSU; burning equipment must not remain powered for diagnosis.,C097,burning-smell,"3.6, 5.1",https://www.dell.com/support/manuals/en-in/latitude-5420-laptop/5420_sp14_sm/safety-precautions?guid=guid-30eeebf7-b61e-422e-bf3e-75335ec500e3&lang=en-us
E053,296,297,merge,SAN commonly presents remote block storage as local disks to hosts.,C039,san,2.7,https://www.cisco.com/c/en/us/solutions/small-business/resource-center/networking/networking-basics.html ; https://www.ibm.com/think/topics/block-storage
E054,297,297,rewrite,First octet 169 alone is insufficient; APIPA specifically uses 169.254/16 link-local range.,C001,apipa,"2.6, 5.5",https://www.rfc-editor.org/rfc/rfc3927
E055,297,298,merge,IP reachability and failed name lookup suggest DNS; browser/proxy/TLS may also matter.,C012,dns-test,5.5,https://learn.microsoft.com/en-us/troubleshoot/windows-client/networking/troubleshoot-dns-client-resolution-issues
E056,298,298,merge,LPD 515 and IPP 631; correct typo LDP and open only deployed service ports.,C169,printing-ports,"2.1, 3.7",https://www.pwg.org/ipp/ippguide.html ; https://learn.microsoft.com/en-us/troubleshoot/windows-server/printing/standard-port-monitor-for-tcpip
E057,298,299,rewrite,Review link logs/switch port and interference; repeated failures on known-good client narrow shared path.,C036,port-flapping,5.5,https://www.cisco.com/c/en/us/support/docs/switches/catalyst-9500-series-switches/218397-troubleshoot-port-flaps-on-catalyst-9000.html
E058,299,299,keep,"Test selected speakers/headphones, microphone and camera before call.",C151,av-test,5.4,https://support.microsoft.com/en-us/windows/fix-sound-or-audio-problems-in-windows-73025246-b61c-40fb-671a-2535c7cd56c8
E059,299,300,rewrite,"Sandbox is isolated test environment, often VM but not every sandbox is a VM.",C186,sandbox,4.1,https://learn.microsoft.com/en-us/windows/security/application-security/application-isolation/windows-sandbox/windows-sandbox-configure-using-wsb-file
E060,300,300,rewrite,192.168.10.5/24 and gateway 192.168.1.1 are off-subnet in a conventional LAN. Verify the actual router address rather than inventing it.,C006,gateway,"2.6, 5.5",https://learn.microsoft.com/en-us/troubleshoot/windows-client/networking/tcpip-addressing-and-subnetting
E061,300,301,merge,RAID 10 trades half capacity for mirrored striping; no universal maximum redundancy claim.,C123,raid10,3.4,https://www.intel.com/content/www/us/en/support/articles/000005867/technologies.html
E062,301,301,rewrite,Private cloud may be on-site or off-site; exclusivity to one organization defines it.,C177,private-cloud,4.2,https://nvlpubs.nist.gov/nistpubs/Legacy/SP/nistspecialpublication800-145.pdf
E063,301,301,rewrite,Reconfigure supported authenticated SMTP relay after server retirement; existing and cloud relay can both work.,C170,scan-email,3.7,https://support.hp.com/us-en/document/c04085355
E064,301,302,keep,USB data generation does not guarantee laptop charging; dock/cable/laptop must support required USB PD.,C146,dock-power,"1.2, 5.4",https://www.dell.com/support/kbdoc/en-us/000124295/guide-to-dell-docking-stations
E065,302,302,merge,VLAN logically separates layer-2 broadcast domains.,C016,vlan,2.4,https://www.cisco.com/c/en/us/td/docs/switches/lan/catalyst6500/ios/12-2SX/configuration/guide/book/vlans.html
E066,302,303,keep,Power down and disconnect charger/internal battery per manual with ESD precautions before wireless-card service.,C097,service-power,"3.6, 5.1",https://www.dell.com/support/manuals/en-in/latitude-5420-laptop/5420_sp14_sm/safety-precautions?guid=guid-30eeebf7-b61e-422e-bf3e-75335ec500e3&lang=en-us
E067,303,303,merge,Install correct supported GPU driver for resolutions/features; confirm output settings too.,C131,vendor-driver,5.1,https://support.microsoft.com/en-us/windows/update-drivers-through-device-manager-in-windows-ec62f46c-ff14-c91d-eead-d7126dc1f7b6
E068,303,303,merge,Select TV input connected to intended receiver/source.,C132,monitor-input,"3.1, 5.3",https://www.dell.com/support/kbdoc/en-tw/000132110/how-to-troubleshoot-a-dell-desktop-monitor?lang=en
E069,304,304,merge,Toner rub-off after media checks suggests fusing fault.,C155,fuser,"3.8, 5.6",https://support.hp.com/ca-en/document/ish_6747730-6747774-16
E070,304,304,merge,Duplex reduces paper consumption for multipage jobs.,C160,duplex,3.7,https://download.brother.com/welcome/doc002441/hl5380dn_ukeng_usr_b.pdf
E071,304,305,remove,GPU connector and old PSU rating do not give total load; cannot calculate minimum wattage.,,psu-minimum,,https://assets.ctfassets.net/82ripq7fjls2/1oSdlyujpaX3GrM0rir6Ge/91afb2be72785281e8fb4c0d9a70c6f4/CompTIA-A-220-1201-Exam-Objectives-3.0.pdf
E072,305,305,remove,Punchdown attaches conductors; toner traces them and is not an attachment tool; requested pair unsupported.,,phone-tools,,https://assets.ctfassets.net/82ripq7fjls2/1oSdlyujpaX3GrM0rir6Ge/91afb2be72785281e8fb4c0d9a70c6f4/CompTIA-A-220-1201-Exam-Objectives-3.0.pdf
E073,305,305,merge,Restricted SMB share with appropriate permissions/auditing and supported encryption can limit access.,C047,scan-smb,"2.1, 3.7",https://learn.microsoft.com/en-us/windows-server/storage/file-server/file-server-smb-overview
E074,305,306,rewrite,"To deny all network communication, disable virtual NIC or use explicit isolation; sandbox label alone is insufficient.",C186,sandbox-network,4.1,https://learn.microsoft.com/en-us/windows/security/application-security/application-isolation/windows-sandbox/windows-sandbox-configure-using-wsb-file
E075,306,306,merge,Compatible loopback tests local NIC send/receive path.,C037,loopback,2.8,https://www.cisco.com/c/en/us/support/docs/routers/asr-1000-series-aggregation-services-routers/200633-Troubleshooting-interface-down-issues.pdf
E076,306,306,remove,Two intermittent clients do not establish duplicate IP; RF/driver/client issues remain plausible.,,wifi-two-users,,https://assets.ctfassets.net/82ripq7fjls2/1oSdlyujpaX3GrM0rir6Ge/91afb2be72785281e8fb4c0d9a70c6f4/CompTIA-A-220-1201-Exam-Objectives-3.0.pdf
E077,306,307,merge,"Isolation must be enforced by configuration, not environment name.",C186,sandbox-network,4.1,https://learn.microsoft.com/en-us/windows/security/application-security/application-isolation/windows-sandbox/windows-sandbox-configure-using-wsb-file
E078,307,307,keep,Syslog collects event messages from networked systems.,C049,syslog,"2.3, 5.5",https://www.rfc-editor.org/rfc/rfc5424
E079,307,307,rewrite,Safely disconnect and inspect GPU power connector/cabling for heat damage; use exact vendor connector guidance.,C100,gpu-power,"3.5, 3.6",https://help.corsair.com/hc/en-us/articles/10700487373197-PSU-How-to-Avoid-Current-Overload-Connector-Issues
E080,307,308,rewrite,Gateway is in the displayed subnet. The listed open ports omit TCP 445; replace incorrect gateway key with a clear SMB firewall-port question.,C047,scan-smb,"2.1, 3.7",https://learn.microsoft.com/en-us/windows-server/storage/file-server/file-server-smb-overview
E081,308,308,remove,Heatsink mounting and conductive paste/debris can cause shorts; unspecified paste/mounting does not uniquely support key.,,cpu-short,,https://assets.ctfassets.net/82ripq7fjls2/1oSdlyujpaX3GrM0rir6Ge/91afb2be72785281e8fb4c0d9a70c6f4/CompTIA-A-220-1201-Exam-Objectives-3.0.pdf
E082,308,309,remove,Physical connection and port do not rule out cable speed/source bottleneck; driver update is not uniquely justified.,,usb-slow,,https://assets.ctfassets.net/82ripq7fjls2/1oSdlyujpaX3GrM0rir6Ge/91afb2be72785281e8fb4c0d9a70c6f4/CompTIA-A-220-1201-Exam-Objectives-3.0.pdf
E083,309,309,merge,NFC badge can identify user for authenticated print release.,C168,secure-print,3.7,https://support.hp.com/us-en/document/c05500352
E084,309,309,rewrite,Punchdown for IDC jack/port termination; modular plug requires compatible crimping/termination tool.,C026,punchdown,"2.8, 3.2",https://data.kleintools.com/sites/kleintools/files/tool-catalog/82820_TelecomCatalog.pdf
E085,309,310,merge,Laptop NVMe SSD commonly uses M.2; confirm specific length/key/interface support.,C113,m2,3.4,https://www.kingston.com/en/ssd/ssd-faq
E086,310,310,merge,VGA commonly uses 15-pin DE-15 connector; analog video only.,C140,vga,3.2,https://www.dell.com/support/kbdoc/en-us/000132029/a-guide-to-the-external-ports-and-connectors-on-a-dell-computer
E094,313,313,merge,VGA commonly uses 15-pin DE-15 connector; analog video only.,C140,vga,3.2,https://www.dell.com/support/kbdoc/en-us/000132029/a-guide-to-the-external-ports-and-connectors-on-a-dell-computer
E087,310,310,rewrite,Carrier throttling is one cause; signal/congestion/upload rate must be checked.,C072,data-cap,"1.3, 5.4",https://support.microsoft.com/en-us/windows/metered-connections-in-windows-7b33928f-a144-b265-97b6-f2e95a87c408
E088,310,311,rewrite,Configure DHCP for automatic addressing if required; no universal first router setting without task context.,C002,dhcp,"2.3, 2.4",https://learn.microsoft.com/en-us/windows-server/networking/technologies/dhcp/dhcp-top
E089,311,311,rewrite,Reconstructing data onto replacement member consumes I/O; original corrupt-sector repair key is wrong.,C126,raid-rebuild,5.2,https://downloads.dell.com/topicspdf/poweredge-rc-h740p_Users-Guide_en-us.pdf
E090,311,312,remove,Cable tester/wiremap tool is missing from choices; loopback does not validate all cable termination properties.,,cable-test,,https://assets.ctfassets.net/82ripq7fjls2/1oSdlyujpaX3GrM0rir6Ge/91afb2be72785281e8fb4c0d9a70c6f4/CompTIA-A-220-1201-Exam-Objectives-3.0.pdf
E091,312,312,remove,Multiple APIPA clients could indicate exhausted pool or disabled/unreachable DHCP; no evidence selects reboot or expansion.,,dhcp-pool,,https://assets.ctfassets.net/82ripq7fjls2/1oSdlyujpaX3GrM0rir6Ge/91afb2be72785281e8fb4c0d9a70c6f4/CompTIA-A-220-1201-Exam-Objectives-3.0.pdf
E092,312,312,remove,"Thermal, memory, power and software faults remain plausible; no unique PSU diagnosis.",,pc-slow-crash,,https://assets.ctfassets.net/82ripq7fjls2/1oSdlyujpaX3GrM0rir6Ge/91afb2be72785281e8fb4c0d9a70c6f4/CompTIA-A-220-1201-Exam-Objectives-3.0.pdf
E093,312,313,rewrite,Legacy USB uses 5 V; verify port/hub power budgets and PSU rails; USB PD can negotiate higher voltages.,C145,usb-power-budget,"1.2, 5.1",https://www.usb.org/usb-charger-pd
E095,313,313,merge,Use pairing/passkey method supported by devices; do not assume every pairing requires PIN.,C064,bluetooth-pair,"1.2, 1.3",https://support.microsoft.com/en-us/windows/pair-a-bluetooth-device-in-windows-2be7b51f-6ae9-b757-a3b9-95ee40c3e242
E096,313,314,merge,VGA lacks audio; use separate audio or compatible HDMI path.,C137,hdmi-audio,"3.2, 5.3",https://www.hdmi.org/spec/hdmi1_4b ; https://support.microsoft.com/en-us/windows/fix-sound-or-audio-problems-in-windows-73025246-b61c-40fb-671a-2535c7cd56c8
E097,314,314,merge,Clean/inspect pickup/feed rollers and media according to manual.,C161,pickup-roller,"3.8, 5.6",https://download.brother.com/welcome/doc002441/hl5380dn_ukeng_usr_b.pdf
E098,314,314,keep,"Containers package app/dependencies and share host kernel; common fit for microservices, with isolation limits.",C190,containers,4.1,https://docs.docker.com/get-started/docker-concepts/the-basics/what-is-a-container/
E099,314,315,merge,Inspect touch sensing path after software checks.,C074,digitizer,"1.1, 5.4",https://www.dell.com/support/kbdoc/en-us/000132121/how-to-troubleshoot-touchscreen-touch-panel-issues
E100,315,315,merge,Tap with analyzer can observe traffic; packet-loss measurement requires suitable capture/statistics.,C023,network-tap,2.8,https://www.garlandtechnology.com/network-tap
E101,315,315,merge,Protect recoverable data and inspect controller logs; backup strategy must avoid unnecessary stress on failing drives.,C110,smart-data,5.2,https://www.seagate.com/support/kb/my-system-reported-a-smart-error-on-the-drive-184619en/
E102,315,316,keep,"Verify speakers selected, volume and mute; Bluetooth success isolates one working output path.",C137,audio-output,"3.2, 5.3",https://www.hdmi.org/spec/hdmi1_4b ; https://support.microsoft.com/en-us/windows/fix-sound-or-audio-problems-in-windows-73025246-b61c-40fb-671a-2535c7cd56c8
E103,316,316,remove,Core 2 filesystem compatibility; formatting destroys data and is not automatic fix for ext4 disk.,,filesystem,,https://assets.ctfassets.net/82ripq7fjls2/1oSdlyujpaX3GrM0rir6Ge/91afb2be72785281e8fb4c0d9a70c6f4/CompTIA-A-220-1201-Exam-Objectives-3.0.pdf
E104,316,317,merge,Same individual user media-size mismatch as E038.,C163,paper-size,"3.7, 5.6",https://h10032.www1.hp.com/ctg/Manual/c05786470.pdf
E105,317,317,rewrite,Check CPU/GPU temperatures and power under load; POST only helps if actual code observed.,C103,overheating,"3.5, 5.1",https://www.dell.com/support/kbdoc/en-us/000130867/how-to-troubleshoot-a-overheating-shutdown-or-thermal-issue-on-a-dell-pc ; https://www.intel.com/content/www/us/en/gaming/resources/how-to-apply-thermal-paste.html
E106,317,318,rewrite,APIPA is automatic link-local addressing without DHCP; it does not repair a disconnected network.,C001,apipa,"2.6, 5.5",https://www.rfc-editor.org/rfc/rfc3927
E107,318,318,rewrite,Maintenance kit can replace worn feed parts; inspect jam location/media and follow model schedule.,C172,printer-maintenance,3.8,https://www.hp.com/us-en/tech-takes/printers/maintenance/laserjet-printer-maintenance-kits-guide.html
E108,318,318,merge,Extend gives separate desktop space; duplicate mirrors content.,C133,external-display,"5.3, 5.4",https://www.dell.com/support/kbdoc/en-tw/000132110/how-to-troubleshoot-a-dell-desktop-monitor?lang=en ; https://dl.dell.com/topicspdf/latitude-14-5420-laptop_owners-manual_en-us.pdf
E109,318,319,remove,"Wrong target, small/fake card, existing files or partition issues possible; formatting not established and may erase data.",,sd-capacity,,https://assets.ctfassets.net/82ripq7fjls2/1oSdlyujpaX3GrM0rir6Ge/91afb2be72785281e8fb4c0d9a70c6f4/CompTIA-A-220-1201-Exam-Objectives-3.0.pdf
E110,319,319,rewrite,"Use supported Wi-Fi for printers without Ethernet, or authorized USB print server; wireless cannot be assumed present.",C173,wireless-printer,"3.7, 5.6",https://support.apple.com/en-us/102895
E111,319,319,remove,PostScript supports complex documents; its mere use does not explain failure without incompatibility evidence.,,postscript,,https://assets.ctfassets.net/82ripq7fjls2/1oSdlyujpaX3GrM0rir6Ge/91afb2be72785281e8fb4c0d9a70c6f4/CompTIA-A-220-1201-Exam-Objectives-3.0.pdf
E112,320,320,merge,Select supported boot device/order in UEFI; preserve security policy.,C108,boot-order,"3.5, 5.2",https://dl.dell.com/topicspdf/latitude-14-5420-laptop_owners-manual_en-us.pdf
E113,320,320,keep,Full-size SD card/adapter may have write-protect slider; microSD card itself lacks slider.,C119,sd-lock,3.4,https://www.sdcard.org/developers/sd-standard-overview/
E114,320,321,remove,"Many installed apps do not establish full storage; check quota, network, credentials and actual free space.",,mobile-sync,,https://assets.ctfassets.net/82ripq7fjls2/1oSdlyujpaX3GrM0rir6Ge/91afb2be72785281e8fb4c0d9a70c6f4/CompTIA-A-220-1201-Exam-Objectives-3.0.pdf
E115,321,321,keep,Check brightness/adaptive/power settings before hardware replacement.,C134,display-brightness,"3.1, 5.3",https://www.dell.com/support/kbdoc/en-us/000134946/how-to-troubleshoot-display-or-video-issues-on-dell-laptop-lcd-panel
E116,321,321,rewrite,Compatible NFC tags/apps can exchange small contact data; not universal phone-to-phone sharing.,C065,nfc-data,"1.2, 2.2",https://nfc-forum.org/learn/nfc-technology/
E117,321,322,rewrite,More RAM may reduce paging when memory constrained; cannot promise it prevents SSD failure without cause/endurance evidence.,C087,ram-pressure,"3.3, 5.1",https://learn.microsoft.com/en-us/troubleshoot/windows-client/performance/introduction-to-the-page-file
E118,322,322,merge,Select television input carrying laptop signal and verify output mode.,C132,monitor-input,"3.1, 5.3",https://www.dell.com/support/kbdoc/en-tw/000132110/how-to-troubleshoot-a-dell-desktop-monitor?lang=en
E119,322,323,merge,Stop use/charging and shut down safely; arrange approved battery service.,C079,battery-swelling,5.4,https://www.dell.com/support/kbdoc/en-us/000128491/swollen-battery-information-and-guidance
E120,323,323,remove,Rote documentation-after-fix question outside tested methodology scope.,,methodology,,https://assets.ctfassets.net/82ripq7fjls2/1oSdlyujpaX3GrM0rir6Ge/91afb2be72785281e8fb4c0d9a70c6f4/CompTIA-A-220-1201-Exam-Objectives-3.0.pdf
E121,323,324,merge,Persistent touch failure after software checks warrants digitizer/input-path inspection.,C074,digitizer,"1.1, 5.4",https://www.dell.com/support/kbdoc/en-us/000132121/how-to-troubleshoot-touchscreen-touch-panel-issues
F001,325,326,rewrite,NFC and infrared labels are reversed in supplied answer; replace with defined short-range NFC use. Haptic feedback does not identify a radio technology.,C065,nfc,"1.2, 2.2",https://nfc-forum.org/learn/nfc-technology/
F002,326,326,merge,Duplicate malformed matching exercise; use corrected NFC and Bluetooth concepts.,C065,nfc,"1.2, 2.2",https://nfc-forum.org/learn/nfc-technology/
F003,326,328,remove,Fixed wattages and SLI selection cannot establish a suitable modern build without component specifications; omit obsolete shopping simulation.,,gaming-hardware,,https://assets.ctfassets.net/82ripq7fjls2/1oSdlyujpaX3GrM0rir6Ge/91afb2be72785281e8fb4c0d9a70c6f4/CompTIA-A-220-1201-Exam-Objectives-3.0.pdf
F004,328,330,remove,Arbitrary PSU and accessory choices do not follow from stated workloads; no defensible unique build.,,vm-resources,,https://assets.ctfassets.net/82ripq7fjls2/1oSdlyujpaX3GrM0rir6Ge/91afb2be72785281e8fb4c0d9a70c6f4/CompTIA-A-220-1201-Exam-Objectives-3.0.pdf
F005,330,332,remove,Legacy IDE shopping exercise omits RAID level and workload; RPM alone cannot establish best performance.,,raid1,,https://assets.ctfassets.net/82ripq7fjls2/1oSdlyujpaX3GrM0rir6Ge/91afb2be72785281e8fb4c0d9a70c6f4/CompTIA-A-220-1201-Exam-Objectives-3.0.pdf
F006,332,334,remove,IP matching instructions are paired with unrelated NFC/infrared exhibit; required data absent.,,mismatched-exhibit,,https://assets.ctfassets.net/82ripq7fjls2/1oSdlyujpaX3GrM0rir6Ge/91afb2be72785281e8fb4c0d9a70c6f4/CompTIA-A-220-1201-Exam-Objectives-3.0.pdf
F007,334,336,rewrite,Replace unclear drag-and-drop with text questions about toner not bonding and paper-feed problems; explain that symptoms require verification.,C155,fuser,"3.8, 5.6",https://support.hp.com/ca-en/document/ish_6747730-6747774-16
F008,336,338,rewrite,Supplied secondary RAID 0 violates required one-drive fault tolerance. Two 600 GB drives in RAID 1 give 600 GB usable with one-drive tolerance.,C124,raid-capacity,3.4,https://www.dell.com/support/kbdoc/en-us/000128635/dell-servers-what-are-the-raid-levels-and-their-specifications
G001,339,342,rewrite,Four 1 TB drives in RAID 10 give 2 TB usable. Supplied five-active-drive arrangement is not standard RAID 10; a fifth disk could be a configured spare.,C125,raid10-capacity,3.4,https://www.intel.com/content/www/us/en/support/articles/000005867/technologies.html
G002,342,347,remove,4.5 GHz above 3.2 GHz base may be normal boost. 80 C below listed Tj max does not prove overheating. No unique diagnosis.,,overclock,,https://assets.ctfassets.net/82ripq7fjls2/1oSdlyujpaX3GrM0rir6Ge/91afb2be72785281e8fb4c0d9a70c6f4/CompTIA-A-220-1201-Exam-Objectives-3.0.pdf
G003,347,349,remove,CPU family labels omit models and compatibility; exact performance and component ranking cannot be supported.,,shopping-build,,https://assets.ctfassets.net/82ripq7fjls2/1oSdlyujpaX3GrM0rir6Ge/91afb2be72785281e8fb4c0d9a70c6f4/CompTIA-A-220-1201-Exam-Objectives-3.0.pdf
G004,349,351,remove,Gaming build omits model/workload/board compatibility; RAM capacity alone and CPU brand tier do not prove best build.,,shopping-build,,https://assets.ctfassets.net/82ripq7fjls2/1oSdlyujpaX3GrM0rir6Ge/91afb2be72785281e8fb4c0d9a70c6f4/CompTIA-A-220-1201-Exam-Objectives-3.0.pdf
G005,351,355,remove,The embedded laptop messages are too blurred to read reliably and full interactive issue details are missing; option highlights cannot support diagnosis.,,missing-symptoms,,https://assets.ctfassets.net/82ripq7fjls2/1oSdlyujpaX3GrM0rir6Ge/91afb2be72785281e8fb4c0d9a70c6f4/CompTIA-A-220-1201-Exam-Objectives-3.0.pdf
G006,355,358,remove,Phone screenshots and option lists do not provide complete readable symptom details; no unique diagnosis can be explained.,,missing-symptoms,,https://assets.ctfassets.net/82ripq7fjls2/1oSdlyujpaX3GrM0rir6Ge/91afb2be72785281e8fb4c0d9a70c6f4/CompTIA-A-220-1201-Exam-Objectives-3.0.pdf
G007,358,361,rewrite,"Visible trapezoid distortion supports a keystone concept, but full interactive symptoms are absent. Replace matching exercise with an explicit text distinction between geometry and blur.",C141,projector-focus,5.3,https://files.support.epson.com/docid/cpd5/cpd51854/source/troubleshooting/reference/problem_image_blurry_no_auto_keystone.html
G008,361,363,remove,"No-signal picture does not prove wrong input; cable, power and source can also cause it. Other device symptoms absent.",,missing-symptoms,,https://assets.ctfassets.net/82ripq7fjls2/1oSdlyujpaX3GrM0rir6Ge/91afb2be72785281e8fb4c0d9a70c6f4/CompTIA-A-220-1201-Exam-Objectives-3.0.pdf
H001,364,369,remove,Seven-character WPA2 passphrase is invalid; phone MAC starts with multicast bit; MAC allowlist cannot guarantee only two devices. Legacy security options omit WPA3.,,invalid-wifi-sim,,https://assets.ctfassets.net/82ripq7fjls2/1oSdlyujpaX3GrM0rir6Ge/91afb2be72785281e8fb4c0d9a70c6f4/CompTIA-A-220-1201-Exam-Objectives-3.0.pdf
H002,370,373,rewrite,"Convert visual cabling to explicit coax-to-cable-modem, Ethernet modem-to-router-to-PC, and RJ11 analog-phone connections.",C030,home-cabling,"2.7, 3.2",https://www.netgear.com/hub/technology/connecting-cable-modem-and-router/ ; https://www.flukenetworks.com/blog/cabling-chronicles/wire-map-testing-it-s-not-all-about-color
H003,374,375,rewrite,Replace unclear optical-crimper label with copper patch-panel punchdown versus modular-plug crimping; fiber termination requires connector-specific tools.,C026,punchdown,"2.8, 3.2",https://data.kleintools.com/sites/kleintools/files/tool-catalog/82820_TelecomCatalog.pdf
H004,375,385,remove,PC2 GUI and command output disagree on DHCP/address/mask; server GUI and command output disagree on mask/gateway. Supplied answer ignores conflicts and DHCP/DNS dependencies.,,conflicting-exhibits,,https://assets.ctfassets.net/82ripq7fjls2/1oSdlyujpaX3GrM0rir6Ge/91afb2be72785281e8fb4c0d9a70c6f4/CompTIA-A-220-1201-Exam-Objectives-3.0.pdf
H005,385,389,rewrite,Server 2 is degraded but exhibit does not identify failed bay. Read controller member status before replacement; stripe size and read/write policies are not drive specifications.,C126,raid-rebuild,5.2,https://downloads.dell.com/topicspdf/poweredge-rc-h740p_Users-Guide_en-us.pdf
